-- Adminer 4.6.2 MySQL dump

SET NAMES utf8;
SET time_zone = '+00:00';
SET foreign_key_checks = 0;
SET sql_mode = 'NO_AUTO_VALUE_ON_ZERO';

DROP TABLE IF EXISTS `cities`;
CREATE TABLE `cities` (
  `city_id` int(10) unsigned NOT NULL AUTO_INCREMENT,
  `city_name` varchar(64) NOT NULL,
  PRIMARY KEY (`city_id`)
) ENGINE=InnoDB DEFAULT CHARSET=latin1;

INSERT INTO `cities` (`city_id`, `city_name`) VALUES
(9,	'Szabadka'),
(10,	'Topolya'),
(11,	'Bajmok'),
(12,	'Orom'),
(13,	'Palics'),
(14,	'Beograd');

DROP TABLE IF EXISTS `routes`;
CREATE TABLE `routes` (
  `route_id` int(10) unsigned NOT NULL AUTO_INCREMENT,
  `from_city` int(10) unsigned NOT NULL,
  `to_city` int(10) unsigned NOT NULL,
  PRIMARY KEY (`route_id`),
  UNIQUE KEY `from_city_to_city` (`from_city`,`to_city`),
  KEY `from_city` (`from_city`),
  KEY `to_city` (`to_city`),
  CONSTRAINT `routes_ibfk_3` FOREIGN KEY (`from_city`) REFERENCES `cities` (`city_id`) ON DELETE CASCADE ON UPDATE CASCADE,
  CONSTRAINT `routes_ibfk_4` FOREIGN KEY (`to_city`) REFERENCES `cities` (`city_id`) ON DELETE CASCADE ON UPDATE CASCADE
) ENGINE=InnoDB DEFAULT CHARSET=latin1;

INSERT INTO `routes` (`route_id`, `from_city`, `to_city`) VALUES
(17,	9,	10),
(23,	9,	11),
(21,	9,	12),
(25,	9,	13),
(26,	9,	14),
(18,	10,	9),
(19,	10,	11),
(29,	10,	12),
(30,	10,	13),
(31,	10,	14),
(32,	11,	9),
(20,	11,	10),
(35,	11,	12),
(36,	11,	13),
(37,	11,	14),
(22,	12,	9),
(38,	14,	9),
(39,	14,	10),
(40,	14,	11),
(41,	14,	12),
(42,	14,	13);

DROP TABLE IF EXISTS `route_rates`;
CREATE TABLE `route_rates` (
  `route_rate_id` int(10) unsigned NOT NULL AUTO_INCREMENT,
  `user_id` int(10) unsigned NOT NULL,
  `route_id` int(10) unsigned NOT NULL,
  `rate` tinyint(1) NOT NULL,
  PRIMARY KEY (`route_rate_id`),
  UNIQUE KEY `user_id_route_id` (`user_id`,`route_id`),
  KEY `route_id` (`route_id`),
  CONSTRAINT `route_rates_ibfk_3` FOREIGN KEY (`user_id`) REFERENCES `users` (`user_id`) ON DELETE CASCADE ON UPDATE CASCADE,
  CONSTRAINT `route_rates_ibfk_4` FOREIGN KEY (`route_id`) REFERENCES `routes` (`route_id`) ON DELETE CASCADE ON UPDATE CASCADE
) ENGINE=InnoDB DEFAULT CHARSET=latin1;

INSERT INTO `route_rates` (`route_rate_id`, `user_id`, `route_id`, `rate`) VALUES
(7,	11,	17,	5),
(8,	13,	17,	2);

DROP TABLE IF EXISTS `schedules`;
CREATE TABLE `schedules` (
  `schedule_id` int(10) unsigned NOT NULL AUTO_INCREMENT,
  `route_id` int(10) unsigned NOT NULL,
  `day` varchar(255) NOT NULL,
  `start` time NOT NULL,
  `end` time NOT NULL,
  `agency` varchar(255) NOT NULL,
  PRIMARY KEY (`schedule_id`),
  KEY `route_id` (`route_id`),
  CONSTRAINT `schedules_ibfk_2` FOREIGN KEY (`route_id`) REFERENCES `routes` (`route_id`) ON DELETE CASCADE ON UPDATE CASCADE
) ENGINE=InnoDB DEFAULT CHARSET=latin1;

INSERT INTO `schedules` (`schedule_id`, `route_id`, `day`, `start`, `end`, `agency`) VALUES
(5497,	17,	'monday',	'10:04:00',	'10:25:00',	'Sutrans'),
(5498,	17,	'monday',	'15:17:00',	'15:52:00',	'Sutrans'),
(5499,	17,	'monday',	'05:05:00',	'05:05:00',	'Sutrans'),
(5500,	17,	'monday',	'18:07:00',	'18:29:00',	'Sutrans'),
(5501,	17,	'monday',	'15:16:00',	'15:19:00',	'Sutrans'),
(5502,	17,	'monday',	'07:17:00',	'07:45:00',	'Sutrans'),
(5503,	17,	'monday',	'13:12:00',	'13:39:00',	'Sutrans'),
(5504,	17,	'monday',	'12:19:00',	'12:27:00',	'Sutrans'),
(5505,	17,	'monday',	'13:12:00',	'13:49:00',	'Sutrans'),
(5506,	17,	'tuesday',	'16:03:00',	'16:37:00',	'Sutrans'),
(5507,	17,	'tuesday',	'20:00:00',	'20:27:00',	'Sutrans'),
(5508,	17,	'tuesday',	'07:12:00',	'07:29:00',	'Sutrans'),
(5509,	17,	'tuesday',	'12:15:00',	'12:47:00',	'Sutrans'),
(5510,	17,	'tuesday',	'10:16:00',	'10:39:00',	'Sutrans'),
(5511,	17,	'tuesday',	'10:12:00',	'10:31:00',	'Sutrans'),
(5512,	17,	'tuesday',	'14:02:00',	'14:23:00',	'Sutrans'),
(5513,	17,	'tuesday',	'07:14:00',	'07:33:00',	'Sutrans'),
(5514,	17,	'tuesday',	'11:19:00',	'11:47:00',	'Sutrans'),
(5515,	17,	'tuesday',	'09:03:00',	'09:38:00',	'Sutrans'),
(5516,	17,	'tuesday',	'08:06:00',	'08:07:00',	'Sutrans'),
(5517,	17,	'tuesday',	'19:04:00',	'19:09:00',	'Sutrans'),
(5518,	17,	'tuesday',	'13:08:00',	'13:42:00',	'Sutrans'),
(5519,	17,	'tuesday',	'14:14:00',	'14:47:00',	'Sutrans'),
(5520,	17,	'tuesday',	'12:07:00',	'12:41:00',	'Sutrans'),
(5521,	17,	'wednesday',	'08:02:00',	'08:39:00',	'Sutrans'),
(5522,	17,	'wednesday',	'05:09:00',	'05:32:00',	'Sutrans'),
(5523,	17,	'wednesday',	'16:18:00',	'16:41:00',	'Sutrans'),
(5524,	17,	'wednesday',	'10:20:00',	'10:37:00',	'Sutrans'),
(5525,	17,	'wednesday',	'09:12:00',	'09:24:00',	'Sutrans'),
(5526,	17,	'wednesday',	'08:12:00',	'08:25:00',	'Sutrans'),
(5527,	17,	'wednesday',	'12:16:00',	'12:21:00',	'Sutrans'),
(5528,	17,	'wednesday',	'20:11:00',	'20:22:00',	'Sutrans'),
(5529,	17,	'wednesday',	'11:00:00',	'11:23:00',	'Sutrans'),
(5530,	17,	'wednesday',	'15:01:00',	'15:21:00',	'Sutrans'),
(5531,	17,	'wednesday',	'10:18:00',	'10:35:00',	'Sutrans'),
(5532,	17,	'wednesday',	'09:15:00',	'09:43:00',	'Sutrans'),
(5533,	17,	'wednesday',	'19:07:00',	'19:10:00',	'Sutrans'),
(5534,	17,	'thursday',	'06:15:00',	'06:21:00',	'Sutrans'),
(5535,	17,	'thursday',	'18:09:00',	'18:39:00',	'Sutrans'),
(5536,	17,	'thursday',	'05:10:00',	'05:14:00',	'Sutrans'),
(5537,	17,	'thursday',	'06:12:00',	'06:40:00',	'Sutrans'),
(5538,	17,	'thursday',	'05:03:00',	'05:35:00',	'Sutrans'),
(5539,	17,	'thursday',	'19:03:00',	'19:24:00',	'Sutrans'),
(5540,	17,	'thursday',	'15:05:00',	'15:30:00',	'Sutrans'),
(5541,	17,	'thursday',	'16:08:00',	'16:29:00',	'Sutrans'),
(5542,	17,	'saturday',	'09:12:00',	'09:20:00',	'Sutrans'),
(5543,	17,	'saturday',	'16:20:00',	'16:26:00',	'Sutrans'),
(5544,	17,	'saturday',	'15:16:00',	'15:19:00',	'Sutrans'),
(5545,	17,	'saturday',	'06:19:00',	'06:40:00',	'Sutrans'),
(5546,	17,	'saturday',	'07:03:00',	'07:42:00',	'Sutrans'),
(5547,	17,	'saturday',	'18:01:00',	'18:01:00',	'Sutrans'),
(5548,	17,	'saturday',	'11:16:00',	'11:28:00',	'Sutrans'),
(5549,	17,	'saturday',	'09:10:00',	'09:44:00',	'Sutrans'),
(5550,	17,	'saturday',	'08:11:00',	'08:32:00',	'Sutrans'),
(5551,	17,	'saturday',	'20:17:00',	'20:35:00',	'Sutrans'),
(5552,	17,	'saturday',	'13:11:00',	'13:34:00',	'Sutrans'),
(5553,	17,	'saturday',	'06:19:00',	'06:51:00',	'Sutrans'),
(5554,	17,	'sunday',	'14:20:00',	'14:23:00',	'Sutrans'),
(5555,	17,	'sunday',	'12:00:00',	'12:22:00',	'Sutrans'),
(5556,	17,	'sunday',	'06:20:00',	'06:23:00',	'Sutrans'),
(5557,	17,	'sunday',	'05:08:00',	'05:35:00',	'Sutrans'),
(5558,	17,	'sunday',	'13:06:00',	'13:13:00',	'Sutrans'),
(5559,	17,	'sunday',	'09:20:00',	'09:55:00',	'Sutrans'),
(5560,	17,	'sunday',	'20:14:00',	'20:18:00',	'Sutrans'),
(5561,	17,	'sunday',	'11:07:00',	'11:24:00',	'Sutrans'),
(5562,	17,	'sunday',	'11:07:00',	'11:18:00',	'Sutrans'),
(5563,	17,	'sunday',	'05:19:00',	'05:23:00',	'Sutrans'),
(5564,	17,	'sunday',	'12:10:00',	'12:38:00',	'Sutrans'),
(5565,	17,	'sunday',	'05:20:00',	'05:45:00',	'Sutrans'),
(5566,	17,	'sunday',	'14:15:00',	'14:54:00',	'Sutrans'),
(5567,	17,	'sunday',	'20:17:00',	'20:55:00',	'Sutrans'),
(5568,	21,	'monday',	'06:14:00',	'06:21:00',	'Sutrans'),
(5569,	21,	'monday',	'10:19:00',	'10:58:00',	'Sutrans'),
(5570,	21,	'monday',	'09:01:00',	'09:23:00',	'Sutrans'),
(5571,	21,	'monday',	'12:14:00',	'12:14:00',	'Sutrans'),
(5572,	21,	'monday',	'07:11:00',	'07:20:00',	'Sutrans'),
(5573,	21,	'monday',	'17:08:00',	'17:30:00',	'Sutrans'),
(5574,	21,	'monday',	'20:05:00',	'20:06:00',	'Sutrans'),
(5575,	21,	'monday',	'06:20:00',	'06:32:00',	'Sutrans'),
(5576,	21,	'monday',	'05:12:00',	'05:50:00',	'Sutrans'),
(5577,	21,	'tuesday',	'12:07:00',	'12:43:00',	'Sutrans'),
(5578,	21,	'tuesday',	'11:07:00',	'11:11:00',	'Sutrans'),
(5579,	21,	'tuesday',	'17:07:00',	'17:15:00',	'Sutrans'),
(5580,	21,	'tuesday',	'15:04:00',	'15:07:00',	'Sutrans'),
(5581,	21,	'tuesday',	'08:03:00',	'08:34:00',	'Sutrans'),
(5582,	21,	'tuesday',	'15:13:00',	'15:18:00',	'Sutrans'),
(5583,	21,	'tuesday',	'12:16:00',	'12:40:00',	'Sutrans'),
(5584,	21,	'tuesday',	'07:20:00',	'07:21:00',	'Sutrans'),
(5585,	21,	'tuesday',	'10:16:00',	'10:20:00',	'Sutrans'),
(5586,	21,	'tuesday',	'06:01:00',	'06:29:00',	'Sutrans'),
(5587,	21,	'tuesday',	'20:20:00',	'20:42:00',	'Sutrans'),
(5588,	21,	'tuesday',	'06:08:00',	'06:14:00',	'Sutrans'),
(5589,	21,	'wednesday',	'18:20:00',	'18:55:00',	'Sutrans'),
(5590,	21,	'wednesday',	'20:10:00',	'20:43:00',	'Sutrans'),
(5591,	21,	'wednesday',	'12:03:00',	'12:40:00',	'Sutrans'),
(5592,	21,	'wednesday',	'07:05:00',	'07:41:00',	'Sutrans'),
(5593,	21,	'wednesday',	'07:12:00',	'07:24:00',	'Sutrans'),
(5594,	21,	'wednesday',	'14:01:00',	'14:05:00',	'Sutrans'),
(5595,	21,	'wednesday',	'08:07:00',	'08:20:00',	'Sutrans'),
(5596,	21,	'wednesday',	'17:18:00',	'17:30:00',	'Sutrans'),
(5597,	21,	'wednesday',	'12:18:00',	'12:41:00',	'Sutrans'),
(5598,	21,	'wednesday',	'20:09:00',	'20:25:00',	'Sutrans'),
(5599,	21,	'wednesday',	'07:17:00',	'07:42:00',	'Sutrans'),
(5600,	21,	'wednesday',	'11:01:00',	'11:15:00',	'Sutrans'),
(5601,	21,	'wednesday',	'05:03:00',	'05:20:00',	'Sutrans'),
(5602,	21,	'wednesday',	'13:17:00',	'13:56:00',	'Sutrans'),
(5603,	21,	'thursday',	'12:07:00',	'12:32:00',	'Sutrans'),
(5604,	21,	'thursday',	'15:10:00',	'15:24:00',	'Sutrans'),
(5605,	21,	'thursday',	'17:18:00',	'17:30:00',	'Sutrans'),
(5606,	21,	'thursday',	'06:11:00',	'06:15:00',	'Sutrans'),
(5607,	21,	'thursday',	'19:11:00',	'19:31:00',	'Sutrans'),
(5608,	21,	'thursday',	'12:03:00',	'12:16:00',	'Sutrans'),
(5609,	21,	'thursday',	'12:17:00',	'12:37:00',	'Sutrans'),
(5610,	21,	'thursday',	'15:14:00',	'15:26:00',	'Sutrans'),
(5611,	21,	'thursday',	'13:08:00',	'13:40:00',	'Sutrans'),
(5612,	21,	'thursday',	'16:15:00',	'16:46:00',	'Sutrans'),
(5613,	21,	'thursday',	'17:07:00',	'17:17:00',	'Sutrans'),
(5614,	21,	'thursday',	'12:20:00',	'12:21:00',	'Sutrans'),
(5615,	21,	'saturday',	'05:16:00',	'05:23:00',	'Sutrans'),
(5616,	21,	'saturday',	'13:00:00',	'13:31:00',	'Sutrans'),
(5617,	21,	'saturday',	'12:07:00',	'12:10:00',	'Sutrans'),
(5618,	21,	'saturday',	'08:02:00',	'08:17:00',	'Sutrans'),
(5619,	21,	'saturday',	'13:20:00',	'13:35:00',	'Sutrans'),
(5620,	21,	'saturday',	'07:12:00',	'07:18:00',	'Sutrans'),
(5621,	21,	'saturday',	'09:03:00',	'09:33:00',	'Sutrans'),
(5622,	21,	'saturday',	'09:19:00',	'09:33:00',	'Sutrans'),
(5623,	21,	'saturday',	'06:17:00',	'06:41:00',	'Sutrans'),
(5624,	21,	'saturday',	'12:13:00',	'12:19:00',	'Sutrans'),
(5625,	21,	'saturday',	'20:06:00',	'20:15:00',	'Sutrans'),
(5626,	21,	'saturday',	'11:08:00',	'11:36:00',	'Sutrans'),
(5627,	21,	'saturday',	'08:17:00',	'08:39:00',	'Sutrans'),
(5628,	21,	'saturday',	'20:05:00',	'20:19:00',	'Sutrans'),
(5629,	21,	'saturday',	'05:02:00',	'05:25:00',	'Sutrans'),
(5630,	21,	'sunday',	'20:09:00',	'20:11:00',	'Sutrans'),
(5631,	21,	'sunday',	'16:03:00',	'16:30:00',	'Sutrans'),
(5632,	21,	'sunday',	'11:18:00',	'11:55:00',	'Sutrans'),
(5633,	21,	'sunday',	'18:20:00',	'18:42:00',	'Sutrans'),
(5634,	21,	'sunday',	'07:10:00',	'07:30:00',	'Sutrans'),
(5635,	21,	'sunday',	'19:07:00',	'19:20:00',	'Sutrans'),
(5636,	21,	'sunday',	'10:13:00',	'10:26:00',	'Sutrans'),
(5637,	21,	'sunday',	'11:05:00',	'11:05:00',	'Sutrans'),
(5638,	23,	'monday',	'19:00:00',	'19:27:00',	'Sutrans'),
(5639,	23,	'monday',	'16:11:00',	'16:29:00',	'Sutrans'),
(5640,	23,	'monday',	'15:16:00',	'15:24:00',	'Sutrans'),
(5641,	23,	'monday',	'20:00:00',	'20:38:00',	'Sutrans'),
(5642,	23,	'monday',	'19:01:00',	'19:08:00',	'Sutrans'),
(5643,	23,	'monday',	'05:19:00',	'05:23:00',	'Sutrans'),
(5644,	23,	'monday',	'05:00:00',	'05:21:00',	'Sutrans'),
(5645,	23,	'monday',	'08:05:00',	'08:41:00',	'Sutrans'),
(5646,	23,	'monday',	'10:05:00',	'10:25:00',	'Sutrans'),
(5647,	23,	'tuesday',	'14:02:00',	'14:05:00',	'Sutrans'),
(5648,	23,	'tuesday',	'09:04:00',	'09:10:00',	'Sutrans'),
(5649,	23,	'tuesday',	'18:16:00',	'18:55:00',	'Sutrans'),
(5650,	23,	'tuesday',	'13:09:00',	'13:22:00',	'Sutrans'),
(5651,	23,	'tuesday',	'16:07:00',	'16:21:00',	'Sutrans'),
(5652,	23,	'tuesday',	'11:04:00',	'11:23:00',	'Sutrans'),
(5653,	23,	'tuesday',	'14:12:00',	'14:50:00',	'Sutrans'),
(5654,	23,	'tuesday',	'14:12:00',	'14:22:00',	'Sutrans'),
(5655,	23,	'tuesday',	'15:14:00',	'15:42:00',	'Sutrans'),
(5656,	23,	'tuesday',	'17:17:00',	'17:37:00',	'Sutrans'),
(5657,	23,	'tuesday',	'06:17:00',	'06:37:00',	'Sutrans'),
(5658,	23,	'tuesday',	'12:11:00',	'12:14:00',	'Sutrans'),
(5659,	23,	'tuesday',	'05:13:00',	'05:27:00',	'Sutrans'),
(5660,	23,	'wednesday',	'17:00:00',	'17:28:00',	'Sutrans'),
(5661,	23,	'wednesday',	'15:09:00',	'15:14:00',	'Sutrans'),
(5662,	23,	'wednesday',	'15:10:00',	'15:45:00',	'Sutrans'),
(5663,	23,	'wednesday',	'09:01:00',	'09:40:00',	'Sutrans'),
(5664,	23,	'wednesday',	'12:01:00',	'12:05:00',	'Sutrans'),
(5665,	23,	'wednesday',	'14:14:00',	'14:52:00',	'Sutrans'),
(5666,	23,	'wednesday',	'07:07:00',	'07:10:00',	'Sutrans'),
(5667,	23,	'wednesday',	'15:11:00',	'15:21:00',	'Sutrans'),
(5668,	23,	'wednesday',	'06:20:00',	'06:59:00',	'Sutrans'),
(5669,	23,	'wednesday',	'18:05:00',	'18:30:00',	'Sutrans'),
(5670,	23,	'wednesday',	'09:18:00',	'09:22:00',	'Sutrans'),
(5671,	23,	'wednesday',	'11:08:00',	'11:39:00',	'Sutrans'),
(5672,	23,	'wednesday',	'16:06:00',	'16:13:00',	'Sutrans'),
(5673,	23,	'wednesday',	'10:16:00',	'10:41:00',	'Sutrans'),
(5674,	23,	'wednesday',	'09:19:00',	'09:26:00',	'Sutrans'),
(5675,	23,	'thursday',	'08:04:00',	'08:28:00',	'Sutrans'),
(5676,	23,	'thursday',	'09:20:00',	'09:43:00',	'Sutrans'),
(5677,	23,	'thursday',	'16:19:00',	'16:57:00',	'Sutrans'),
(5678,	23,	'thursday',	'07:19:00',	'07:53:00',	'Sutrans'),
(5679,	23,	'thursday',	'10:08:00',	'10:08:00',	'Sutrans'),
(5680,	23,	'thursday',	'20:07:00',	'20:14:00',	'Sutrans'),
(5681,	23,	'thursday',	'16:04:00',	'16:24:00',	'Sutrans'),
(5682,	23,	'thursday',	'20:06:00',	'20:10:00',	'Sutrans'),
(5683,	23,	'saturday',	'10:01:00',	'10:13:00',	'Sutrans'),
(5684,	23,	'saturday',	'17:17:00',	'17:20:00',	'Sutrans'),
(5685,	23,	'saturday',	'15:02:00',	'15:14:00',	'Sutrans'),
(5686,	23,	'saturday',	'14:12:00',	'14:35:00',	'Sutrans'),
(5687,	23,	'saturday',	'13:02:00',	'13:02:00',	'Sutrans'),
(5688,	23,	'saturday',	'18:00:00',	'18:38:00',	'Sutrans'),
(5689,	23,	'saturday',	'19:02:00',	'19:38:00',	'Sutrans'),
(5690,	23,	'saturday',	'06:06:00',	'06:13:00',	'Sutrans'),
(5691,	23,	'saturday',	'15:05:00',	'15:24:00',	'Sutrans'),
(5692,	23,	'saturday',	'13:11:00',	'13:40:00',	'Sutrans'),
(5693,	23,	'saturday',	'06:03:00',	'06:30:00',	'Sutrans'),
(5694,	23,	'sunday',	'14:10:00',	'14:17:00',	'Sutrans'),
(5695,	23,	'sunday',	'06:15:00',	'06:21:00',	'Sutrans'),
(5696,	23,	'sunday',	'18:10:00',	'18:34:00',	'Sutrans'),
(5697,	23,	'sunday',	'14:20:00',	'14:21:00',	'Sutrans'),
(5698,	23,	'sunday',	'08:01:00',	'08:34:00',	'Sutrans'),
(5699,	23,	'sunday',	'06:03:00',	'06:35:00',	'Sutrans'),
(5700,	23,	'sunday',	'07:10:00',	'07:35:00',	'Sutrans'),
(5701,	23,	'sunday',	'12:07:00',	'12:45:00',	'Sutrans'),
(5702,	23,	'sunday',	'17:00:00',	'17:28:00',	'Sutrans'),
(5703,	23,	'sunday',	'05:10:00',	'05:33:00',	'Sutrans'),
(5704,	23,	'sunday',	'10:16:00',	'10:54:00',	'Sutrans'),
(5705,	23,	'sunday',	'19:16:00',	'19:48:00',	'Sutrans'),
(5706,	23,	'sunday',	'11:03:00',	'11:37:00',	'Sutrans'),
(5707,	23,	'sunday',	'14:18:00',	'14:53:00',	'Sutrans'),
(5708,	23,	'sunday',	'07:18:00',	'07:52:00',	'Sutrans'),
(5709,	25,	'monday',	'09:10:00',	'09:42:00',	'Sutrans'),
(5710,	25,	'monday',	'19:01:00',	'19:15:00',	'Sutrans'),
(5711,	25,	'monday',	'16:08:00',	'16:39:00',	'Sutrans'),
(5712,	25,	'monday',	'15:05:00',	'15:43:00',	'Sutrans'),
(5713,	25,	'monday',	'08:01:00',	'08:28:00',	'Sutrans'),
(5714,	25,	'monday',	'08:09:00',	'08:11:00',	'Sutrans'),
(5715,	25,	'monday',	'14:06:00',	'14:10:00',	'Sutrans'),
(5716,	25,	'monday',	'12:13:00',	'12:43:00',	'Sutrans'),
(5717,	25,	'monday',	'15:08:00',	'15:20:00',	'Sutrans'),
(5718,	25,	'monday',	'20:04:00',	'20:11:00',	'Sutrans'),
(5719,	25,	'monday',	'09:04:00',	'09:26:00',	'Sutrans'),
(5720,	25,	'monday',	'19:00:00',	'19:15:00',	'Sutrans'),
(5721,	25,	'monday',	'06:09:00',	'06:45:00',	'Sutrans'),
(5722,	25,	'tuesday',	'20:01:00',	'20:01:00',	'Sutrans'),
(5723,	25,	'tuesday',	'08:19:00',	'08:52:00',	'Sutrans'),
(5724,	25,	'tuesday',	'15:02:00',	'15:36:00',	'Sutrans'),
(5725,	25,	'tuesday',	'10:20:00',	'10:40:00',	'Sutrans'),
(5726,	25,	'tuesday',	'10:00:00',	'10:14:00',	'Sutrans'),
(5727,	25,	'tuesday',	'19:10:00',	'19:15:00',	'Sutrans'),
(5728,	25,	'tuesday',	'08:05:00',	'08:15:00',	'Sutrans'),
(5729,	25,	'tuesday',	'19:03:00',	'19:21:00',	'Sutrans'),
(5730,	25,	'tuesday',	'06:03:00',	'06:27:00',	'Sutrans'),
(5731,	25,	'tuesday',	'14:02:00',	'14:29:00',	'Sutrans'),
(5732,	25,	'tuesday',	'13:18:00',	'13:31:00',	'Sutrans'),
(5733,	25,	'tuesday',	'06:14:00',	'06:52:00',	'Sutrans'),
(5734,	25,	'tuesday',	'17:14:00',	'17:52:00',	'Sutrans'),
(5735,	25,	'tuesday',	'08:20:00',	'08:58:00',	'Sutrans'),
(5736,	25,	'wednesday',	'11:14:00',	'11:45:00',	'Sutrans'),
(5737,	25,	'wednesday',	'13:20:00',	'13:38:00',	'Sutrans'),
(5738,	25,	'wednesday',	'12:20:00',	'12:54:00',	'Sutrans'),
(5739,	25,	'wednesday',	'06:05:00',	'06:14:00',	'Sutrans'),
(5740,	25,	'wednesday',	'12:02:00',	'12:04:00',	'Sutrans'),
(5741,	25,	'wednesday',	'08:05:00',	'08:20:00',	'Sutrans'),
(5742,	25,	'wednesday',	'05:04:00',	'05:14:00',	'Sutrans'),
(5743,	25,	'wednesday',	'15:01:00',	'15:10:00',	'Sutrans'),
(5744,	25,	'wednesday',	'14:00:00',	'14:27:00',	'Sutrans'),
(5745,	25,	'wednesday',	'05:03:00',	'05:17:00',	'Sutrans'),
(5746,	25,	'wednesday',	'20:18:00',	'20:38:00',	'Sutrans'),
(5747,	25,	'wednesday',	'06:15:00',	'06:20:00',	'Sutrans'),
(5748,	25,	'wednesday',	'16:12:00',	'16:13:00',	'Sutrans'),
(5749,	25,	'thursday',	'20:20:00',	'20:53:00',	'Sutrans'),
(5750,	25,	'thursday',	'17:12:00',	'17:25:00',	'Sutrans'),
(5751,	25,	'thursday',	'11:17:00',	'11:18:00',	'Sutrans'),
(5752,	25,	'thursday',	'20:19:00',	'20:45:00',	'Sutrans'),
(5753,	25,	'thursday',	'17:14:00',	'17:23:00',	'Sutrans'),
(5754,	25,	'thursday',	'12:12:00',	'12:36:00',	'Sutrans'),
(5755,	25,	'thursday',	'18:19:00',	'18:24:00',	'Sutrans'),
(5756,	25,	'thursday',	'20:04:00',	'20:24:00',	'Sutrans'),
(5757,	25,	'thursday',	'20:06:00',	'20:38:00',	'Sutrans'),
(5758,	25,	'thursday',	'12:08:00',	'12:43:00',	'Sutrans'),
(5759,	25,	'thursday',	'15:09:00',	'15:39:00',	'Sutrans'),
(5760,	25,	'thursday',	'09:00:00',	'09:27:00',	'Sutrans'),
(5761,	25,	'saturday',	'17:00:00',	'17:34:00',	'Sutrans'),
(5762,	25,	'saturday',	'11:15:00',	'11:37:00',	'Sutrans'),
(5763,	25,	'saturday',	'13:01:00',	'13:03:00',	'Sutrans'),
(5764,	25,	'saturday',	'20:04:00',	'20:25:00',	'Sutrans'),
(5765,	25,	'saturday',	'08:20:00',	'08:39:00',	'Sutrans'),
(5766,	25,	'saturday',	'09:01:00',	'09:39:00',	'Sutrans'),
(5767,	25,	'saturday',	'06:12:00',	'06:50:00',	'Sutrans'),
(5768,	25,	'saturday',	'14:09:00',	'14:31:00',	'Sutrans'),
(5769,	25,	'saturday',	'15:15:00',	'15:28:00',	'Sutrans'),
(5770,	25,	'saturday',	'13:03:00',	'13:22:00',	'Sutrans'),
(5771,	25,	'saturday',	'08:07:00',	'08:16:00',	'Sutrans'),
(5772,	25,	'saturday',	'06:03:00',	'06:17:00',	'Sutrans'),
(5773,	25,	'saturday',	'08:00:00',	'08:07:00',	'Sutrans'),
(5774,	25,	'saturday',	'06:15:00',	'06:38:00',	'Sutrans'),
(5775,	25,	'sunday',	'13:18:00',	'13:27:00',	'Sutrans'),
(5776,	25,	'sunday',	'05:19:00',	'05:47:00',	'Sutrans'),
(5777,	25,	'sunday',	'07:05:00',	'07:13:00',	'Sutrans'),
(5778,	25,	'sunday',	'06:00:00',	'06:21:00',	'Sutrans'),
(5779,	25,	'sunday',	'11:11:00',	'11:35:00',	'Sutrans'),
(5780,	25,	'sunday',	'07:00:00',	'07:06:00',	'Sutrans'),
(5781,	25,	'sunday',	'19:19:00',	'19:21:00',	'Sutrans'),
(5782,	25,	'sunday',	'17:17:00',	'17:46:00',	'Sutrans'),
(5783,	25,	'sunday',	'20:15:00',	'20:37:00',	'Sutrans'),
(5784,	25,	'sunday',	'12:13:00',	'12:47:00',	'Sutrans'),
(5785,	25,	'sunday',	'18:00:00',	'18:26:00',	'Sutrans'),
(5786,	25,	'sunday',	'12:12:00',	'12:23:00',	'Sutrans'),
(5787,	25,	'sunday',	'15:09:00',	'15:19:00',	'Sutrans'),
(5788,	26,	'monday',	'12:14:00',	'12:24:00',	'Sutrans'),
(5789,	26,	'monday',	'12:19:00',	'12:29:00',	'Sutrans'),
(5790,	26,	'monday',	'12:00:00',	'12:21:00',	'Sutrans'),
(5791,	26,	'monday',	'19:10:00',	'19:48:00',	'Sutrans'),
(5792,	26,	'monday',	'15:19:00',	'15:21:00',	'Sutrans'),
(5793,	26,	'monday',	'18:06:00',	'18:17:00',	'Sutrans'),
(5794,	26,	'monday',	'10:06:00',	'10:37:00',	'Sutrans'),
(5795,	26,	'monday',	'17:06:00',	'17:09:00',	'Sutrans'),
(5796,	26,	'monday',	'15:07:00',	'15:19:00',	'Sutrans'),
(5797,	26,	'monday',	'06:04:00',	'06:08:00',	'Sutrans'),
(5798,	26,	'tuesday',	'19:17:00',	'19:23:00',	'Sutrans'),
(5799,	26,	'tuesday',	'19:18:00',	'19:27:00',	'Sutrans'),
(5800,	26,	'tuesday',	'09:02:00',	'09:16:00',	'Sutrans'),
(5801,	26,	'tuesday',	'13:16:00',	'13:43:00',	'Sutrans'),
(5802,	26,	'tuesday',	'20:13:00',	'20:44:00',	'Sutrans'),
(5803,	26,	'tuesday',	'09:00:00',	'09:26:00',	'Sutrans'),
(5804,	26,	'tuesday',	'10:17:00',	'10:56:00',	'Sutrans'),
(5805,	26,	'tuesday',	'19:14:00',	'19:32:00',	'Sutrans'),
(5806,	26,	'tuesday',	'09:14:00',	'09:16:00',	'Sutrans'),
(5807,	26,	'tuesday',	'14:13:00',	'14:41:00',	'Sutrans'),
(5808,	26,	'tuesday',	'20:01:00',	'20:02:00',	'Sutrans'),
(5809,	26,	'wednesday',	'10:01:00',	'10:08:00',	'Sutrans'),
(5810,	26,	'wednesday',	'11:02:00',	'11:41:00',	'Sutrans'),
(5811,	26,	'wednesday',	'07:15:00',	'07:41:00',	'Sutrans'),
(5812,	26,	'wednesday',	'20:13:00',	'20:41:00',	'Sutrans'),
(5813,	26,	'wednesday',	'12:11:00',	'12:14:00',	'Sutrans'),
(5814,	26,	'wednesday',	'10:16:00',	'10:46:00',	'Sutrans'),
(5815,	26,	'wednesday',	'13:08:00',	'13:44:00',	'Sutrans'),
(5816,	26,	'wednesday',	'10:00:00',	'10:11:00',	'Sutrans'),
(5817,	26,	'wednesday',	'18:03:00',	'18:37:00',	'Sutrans'),
(5818,	26,	'wednesday',	'12:13:00',	'12:47:00',	'Sutrans'),
(5819,	26,	'wednesday',	'12:09:00',	'12:34:00',	'Sutrans'),
(5820,	26,	'wednesday',	'09:04:00',	'09:39:00',	'Sutrans'),
(5821,	26,	'thursday',	'17:00:00',	'17:09:00',	'Sutrans'),
(5822,	26,	'thursday',	'19:04:00',	'19:14:00',	'Sutrans'),
(5823,	26,	'thursday',	'15:20:00',	'15:38:00',	'Sutrans'),
(5824,	26,	'thursday',	'16:04:00',	'16:18:00',	'Sutrans'),
(5825,	26,	'thursday',	'20:11:00',	'20:43:00',	'Sutrans'),
(5826,	26,	'thursday',	'20:10:00',	'20:16:00',	'Sutrans'),
(5827,	26,	'thursday',	'18:16:00',	'18:54:00',	'Sutrans'),
(5828,	26,	'thursday',	'10:00:00',	'10:19:00',	'Sutrans'),
(5829,	26,	'thursday',	'12:04:00',	'12:30:00',	'Sutrans'),
(5830,	26,	'saturday',	'11:07:00',	'11:46:00',	'Sutrans'),
(5831,	26,	'saturday',	'19:05:00',	'19:21:00',	'Sutrans'),
(5832,	26,	'saturday',	'07:13:00',	'07:27:00',	'Sutrans'),
(5833,	26,	'saturday',	'06:03:00',	'06:03:00',	'Sutrans'),
(5834,	26,	'saturday',	'20:10:00',	'20:25:00',	'Sutrans'),
(5835,	26,	'saturday',	'17:09:00',	'17:12:00',	'Sutrans'),
(5836,	26,	'saturday',	'15:07:00',	'15:17:00',	'Sutrans'),
(5837,	26,	'saturday',	'14:11:00',	'14:17:00',	'Sutrans'),
(5838,	26,	'saturday',	'11:11:00',	'11:21:00',	'Sutrans'),
(5839,	26,	'saturday',	'19:03:00',	'19:09:00',	'Sutrans'),
(5840,	26,	'saturday',	'06:05:00',	'06:24:00',	'Sutrans'),
(5841,	26,	'saturday',	'19:15:00',	'19:43:00',	'Sutrans'),
(5842,	26,	'sunday',	'12:03:00',	'12:19:00',	'Sutrans'),
(5843,	26,	'sunday',	'13:10:00',	'13:26:00',	'Sutrans'),
(5844,	26,	'sunday',	'08:01:00',	'08:08:00',	'Sutrans'),
(5845,	26,	'sunday',	'05:10:00',	'05:24:00',	'Sutrans'),
(5846,	26,	'sunday',	'08:19:00',	'08:21:00',	'Sutrans'),
(5847,	26,	'sunday',	'17:18:00',	'17:31:00',	'Sutrans'),
(5848,	26,	'sunday',	'14:19:00',	'14:35:00',	'Sutrans'),
(5849,	26,	'sunday',	'20:03:00',	'20:03:00',	'Sutrans'),
(5850,	26,	'sunday',	'19:06:00',	'19:32:00',	'Sutrans'),
(5851,	26,	'sunday',	'09:09:00',	'09:37:00',	'Sutrans'),
(5852,	26,	'sunday',	'16:19:00',	'16:36:00',	'Sutrans'),
(5853,	26,	'sunday',	'19:12:00',	'19:37:00',	'Sutrans'),
(5854,	26,	'sunday',	'14:19:00',	'14:46:00',	'Sutrans'),
(5855,	26,	'sunday',	'10:07:00',	'10:15:00',	'Sutrans'),
(5856,	18,	'monday',	'15:06:00',	'15:35:00',	'Sutrans'),
(5857,	18,	'monday',	'19:08:00',	'19:46:00',	'Sutrans'),
(5858,	18,	'monday',	'05:06:00',	'05:33:00',	'Sutrans'),
(5859,	18,	'monday',	'15:13:00',	'15:18:00',	'Sutrans'),
(5860,	18,	'monday',	'19:04:00',	'19:14:00',	'Sutrans'),
(5861,	18,	'monday',	'07:01:00',	'07:38:00',	'Sutrans'),
(5862,	18,	'monday',	'10:10:00',	'10:39:00',	'Sutrans'),
(5863,	18,	'monday',	'18:02:00',	'18:39:00',	'Sutrans'),
(5864,	18,	'monday',	'11:03:00',	'11:28:00',	'Sutrans'),
(5865,	18,	'monday',	'17:01:00',	'17:30:00',	'Sutrans'),
(5866,	18,	'monday',	'10:09:00',	'10:20:00',	'Sutrans'),
(5867,	18,	'monday',	'06:02:00',	'06:39:00',	'Sutrans'),
(5868,	18,	'monday',	'05:12:00',	'05:42:00',	'Sutrans'),
(5869,	18,	'monday',	'19:07:00',	'19:26:00',	'Sutrans'),
(5870,	18,	'monday',	'09:08:00',	'09:33:00',	'Sutrans'),
(5871,	18,	'tuesday',	'06:12:00',	'06:45:00',	'Sutrans'),
(5872,	18,	'tuesday',	'15:06:00',	'15:34:00',	'Sutrans'),
(5873,	18,	'tuesday',	'07:07:00',	'07:08:00',	'Sutrans'),
(5874,	18,	'tuesday',	'08:19:00',	'08:29:00',	'Sutrans'),
(5875,	18,	'tuesday',	'07:02:00',	'07:28:00',	'Sutrans'),
(5876,	18,	'tuesday',	'09:06:00',	'09:20:00',	'Sutrans'),
(5877,	18,	'tuesday',	'12:08:00',	'12:44:00',	'Sutrans'),
(5878,	18,	'tuesday',	'12:13:00',	'12:20:00',	'Sutrans'),
(5879,	18,	'tuesday',	'19:00:00',	'19:11:00',	'Sutrans'),
(5880,	18,	'tuesday',	'08:00:00',	'08:02:00',	'Sutrans'),
(5881,	18,	'tuesday',	'19:17:00',	'19:52:00',	'Sutrans'),
(5882,	18,	'tuesday',	'11:00:00',	'11:02:00',	'Sutrans'),
(5883,	18,	'tuesday',	'17:15:00',	'17:28:00',	'Sutrans'),
(5884,	18,	'tuesday',	'19:05:00',	'19:44:00',	'Sutrans'),
(5885,	18,	'tuesday',	'14:04:00',	'14:27:00',	'Sutrans'),
(5886,	18,	'wednesday',	'09:00:00',	'09:30:00',	'Sutrans'),
(5887,	18,	'wednesday',	'16:03:00',	'16:05:00',	'Sutrans'),
(5888,	18,	'wednesday',	'16:19:00',	'16:24:00',	'Sutrans'),
(5889,	18,	'wednesday',	'17:19:00',	'17:54:00',	'Sutrans'),
(5890,	18,	'wednesday',	'18:10:00',	'18:34:00',	'Sutrans'),
(5891,	18,	'wednesday',	'10:17:00',	'10:33:00',	'Sutrans'),
(5892,	18,	'wednesday',	'20:01:00',	'20:22:00',	'Sutrans'),
(5893,	18,	'wednesday',	'15:11:00',	'15:48:00',	'Sutrans'),
(5894,	18,	'wednesday',	'12:11:00',	'12:21:00',	'Sutrans'),
(5895,	18,	'wednesday',	'08:08:00',	'08:33:00',	'Sutrans'),
(5896,	18,	'thursday',	'20:14:00',	'20:49:00',	'Sutrans'),
(5897,	18,	'thursday',	'17:05:00',	'17:24:00',	'Sutrans'),
(5898,	18,	'thursday',	'06:03:00',	'06:34:00',	'Sutrans'),
(5899,	18,	'thursday',	'14:18:00',	'14:42:00',	'Sutrans'),
(5900,	18,	'thursday',	'18:17:00',	'18:36:00',	'Sutrans'),
(5901,	18,	'thursday',	'20:09:00',	'20:27:00',	'Sutrans'),
(5902,	18,	'thursday',	'09:15:00',	'09:22:00',	'Sutrans'),
(5903,	18,	'thursday',	'10:02:00',	'10:29:00',	'Sutrans'),
(5904,	18,	'thursday',	'18:16:00',	'18:20:00',	'Sutrans'),
(5905,	18,	'thursday',	'08:01:00',	'08:14:00',	'Sutrans'),
(5906,	18,	'thursday',	'06:09:00',	'06:27:00',	'Sutrans'),
(5907,	18,	'thursday',	'10:04:00',	'10:04:00',	'Sutrans'),
(5908,	18,	'thursday',	'20:20:00',	'20:42:00',	'Sutrans'),
(5909,	18,	'saturday',	'18:05:00',	'18:27:00',	'Sutrans'),
(5910,	18,	'saturday',	'12:01:00',	'12:18:00',	'Sutrans'),
(5911,	18,	'saturday',	'14:04:00',	'14:11:00',	'Sutrans'),
(5912,	18,	'saturday',	'05:00:00',	'05:11:00',	'Sutrans'),
(5913,	18,	'saturday',	'09:20:00',	'09:52:00',	'Sutrans'),
(5914,	18,	'saturday',	'17:06:00',	'17:35:00',	'Sutrans'),
(5915,	18,	'saturday',	'15:17:00',	'15:46:00',	'Sutrans'),
(5916,	18,	'saturday',	'08:04:00',	'08:28:00',	'Sutrans'),
(5917,	18,	'saturday',	'09:20:00',	'09:27:00',	'Sutrans'),
(5918,	18,	'saturday',	'19:12:00',	'19:17:00',	'Sutrans'),
(5919,	18,	'saturday',	'15:04:00',	'15:05:00',	'Sutrans'),
(5920,	18,	'saturday',	'18:01:00',	'18:40:00',	'Sutrans'),
(5921,	18,	'sunday',	'09:15:00',	'09:39:00',	'Sutrans'),
(5922,	18,	'sunday',	'17:13:00',	'17:25:00',	'Sutrans'),
(5923,	18,	'sunday',	'15:20:00',	'15:25:00',	'Sutrans'),
(5924,	18,	'sunday',	'16:11:00',	'16:27:00',	'Sutrans'),
(5925,	18,	'sunday',	'08:06:00',	'08:42:00',	'Sutrans'),
(5926,	18,	'sunday',	'16:20:00',	'16:59:00',	'Sutrans'),
(5927,	18,	'sunday',	'18:19:00',	'18:33:00',	'Sutrans'),
(5928,	18,	'sunday',	'05:16:00',	'05:54:00',	'Sutrans'),
(5929,	18,	'sunday',	'08:09:00',	'08:28:00',	'Sutrans'),
(5930,	18,	'sunday',	'12:08:00',	'12:11:00',	'Sutrans'),
(5931,	18,	'sunday',	'10:20:00',	'10:58:00',	'Sutrans'),
(5932,	18,	'sunday',	'12:18:00',	'12:54:00',	'Sutrans'),
(5933,	18,	'sunday',	'16:15:00',	'16:36:00',	'Sutrans'),
(5934,	18,	'sunday',	'05:06:00',	'05:39:00',	'Sutrans'),
(5935,	18,	'sunday',	'17:15:00',	'17:36:00',	'Sutrans'),
(5936,	19,	'monday',	'06:17:00',	'06:17:00',	'Sutrans'),
(5937,	19,	'monday',	'10:20:00',	'10:43:00',	'Sutrans'),
(5938,	19,	'monday',	'20:16:00',	'20:41:00',	'Sutrans'),
(5939,	19,	'monday',	'11:12:00',	'11:40:00',	'Sutrans'),
(5940,	19,	'monday',	'08:16:00',	'08:20:00',	'Sutrans'),
(5941,	19,	'monday',	'17:07:00',	'17:32:00',	'Sutrans'),
(5942,	19,	'monday',	'13:01:00',	'13:37:00',	'Sutrans'),
(5943,	19,	'monday',	'14:00:00',	'14:23:00',	'Sutrans'),
(5944,	19,	'monday',	'11:18:00',	'11:35:00',	'Sutrans'),
(5945,	19,	'monday',	'10:12:00',	'10:40:00',	'Sutrans'),
(5946,	19,	'monday',	'14:08:00',	'14:12:00',	'Sutrans'),
(5947,	19,	'monday',	'20:20:00',	'20:34:00',	'Sutrans'),
(5948,	19,	'tuesday',	'17:10:00',	'17:41:00',	'Sutrans'),
(5949,	19,	'tuesday',	'17:15:00',	'17:34:00',	'Sutrans'),
(5950,	19,	'tuesday',	'16:16:00',	'16:19:00',	'Sutrans'),
(5951,	19,	'tuesday',	'14:03:00',	'14:38:00',	'Sutrans'),
(5952,	19,	'tuesday',	'18:00:00',	'18:30:00',	'Sutrans'),
(5953,	19,	'tuesday',	'06:09:00',	'06:31:00',	'Sutrans'),
(5954,	19,	'tuesday',	'16:08:00',	'16:46:00',	'Sutrans'),
(5955,	19,	'tuesday',	'09:09:00',	'09:43:00',	'Sutrans'),
(5956,	19,	'tuesday',	'09:09:00',	'09:23:00',	'Sutrans'),
(5957,	19,	'tuesday',	'12:20:00',	'12:34:00',	'Sutrans'),
(5958,	19,	'tuesday',	'18:07:00',	'18:38:00',	'Sutrans'),
(5959,	19,	'tuesday',	'08:05:00',	'08:36:00',	'Sutrans'),
(5960,	19,	'tuesday',	'15:05:00',	'15:33:00',	'Sutrans'),
(5961,	19,	'tuesday',	'18:12:00',	'18:45:00',	'Sutrans'),
(5962,	19,	'tuesday',	'19:10:00',	'19:33:00',	'Sutrans'),
(5963,	19,	'wednesday',	'10:07:00',	'10:08:00',	'Sutrans'),
(5964,	19,	'wednesday',	'09:08:00',	'09:32:00',	'Sutrans'),
(5965,	19,	'wednesday',	'17:09:00',	'17:32:00',	'Sutrans'),
(5966,	19,	'wednesday',	'05:01:00',	'05:11:00',	'Sutrans'),
(5967,	19,	'wednesday',	'20:01:00',	'20:09:00',	'Sutrans'),
(5968,	19,	'wednesday',	'18:15:00',	'18:25:00',	'Sutrans'),
(5969,	19,	'wednesday',	'06:14:00',	'06:39:00',	'Sutrans'),
(5970,	19,	'wednesday',	'05:05:00',	'05:17:00',	'Sutrans'),
(5971,	19,	'wednesday',	'07:00:00',	'07:00:00',	'Sutrans'),
(5972,	19,	'thursday',	'18:16:00',	'18:44:00',	'Sutrans'),
(5973,	19,	'thursday',	'05:02:00',	'05:24:00',	'Sutrans'),
(5974,	19,	'thursday',	'17:20:00',	'17:35:00',	'Sutrans'),
(5975,	19,	'thursday',	'14:15:00',	'14:35:00',	'Sutrans'),
(5976,	19,	'thursday',	'15:12:00',	'15:43:00',	'Sutrans'),
(5977,	19,	'thursday',	'06:10:00',	'06:13:00',	'Sutrans'),
(5978,	19,	'thursday',	'16:11:00',	'16:27:00',	'Sutrans'),
(5979,	19,	'thursday',	'18:11:00',	'18:46:00',	'Sutrans'),
(5980,	19,	'saturday',	'13:15:00',	'13:24:00',	'Sutrans'),
(5981,	19,	'saturday',	'20:15:00',	'20:32:00',	'Sutrans'),
(5982,	19,	'saturday',	'05:11:00',	'05:32:00',	'Sutrans'),
(5983,	19,	'saturday',	'20:06:00',	'20:10:00',	'Sutrans'),
(5984,	19,	'saturday',	'07:04:00',	'07:11:00',	'Sutrans'),
(5985,	19,	'saturday',	'05:17:00',	'05:35:00',	'Sutrans'),
(5986,	19,	'saturday',	'09:04:00',	'09:13:00',	'Sutrans'),
(5987,	19,	'saturday',	'11:09:00',	'11:27:00',	'Sutrans'),
(5988,	19,	'saturday',	'15:10:00',	'15:21:00',	'Sutrans'),
(5989,	19,	'saturday',	'16:10:00',	'16:10:00',	'Sutrans'),
(5990,	19,	'saturday',	'15:17:00',	'15:23:00',	'Sutrans'),
(5991,	19,	'sunday',	'08:12:00',	'08:39:00',	'Sutrans'),
(5992,	19,	'sunday',	'14:13:00',	'14:26:00',	'Sutrans'),
(5993,	19,	'sunday',	'17:06:00',	'17:15:00',	'Sutrans'),
(5994,	19,	'sunday',	'12:11:00',	'12:22:00',	'Sutrans'),
(5995,	19,	'sunday',	'19:10:00',	'19:49:00',	'Sutrans'),
(5996,	19,	'sunday',	'20:02:00',	'20:16:00',	'Sutrans'),
(5997,	19,	'sunday',	'09:14:00',	'09:14:00',	'Sutrans'),
(5998,	19,	'sunday',	'15:19:00',	'15:56:00',	'Sutrans'),
(5999,	19,	'sunday',	'08:00:00',	'08:11:00',	'Sutrans'),
(6000,	19,	'sunday',	'18:18:00',	'18:43:00',	'Sutrans'),
(6001,	19,	'sunday',	'10:03:00',	'10:24:00',	'Sutrans'),
(6002,	19,	'sunday',	'17:16:00',	'17:18:00',	'Sutrans'),
(6003,	19,	'sunday',	'06:05:00',	'06:15:00',	'Sutrans'),
(6004,	19,	'sunday',	'07:20:00',	'07:48:00',	'Sutrans'),
(6005,	19,	'sunday',	'14:04:00',	'14:40:00',	'Sutrans'),
(6006,	29,	'monday',	'15:19:00',	'15:35:00',	'Sutrans'),
(6007,	29,	'monday',	'05:13:00',	'05:50:00',	'Sutrans'),
(6008,	29,	'monday',	'09:00:00',	'09:28:00',	'Sutrans'),
(6009,	29,	'monday',	'16:17:00',	'16:46:00',	'Sutrans'),
(6010,	29,	'monday',	'16:02:00',	'16:22:00',	'Sutrans'),
(6011,	29,	'monday',	'19:20:00',	'19:59:00',	'Sutrans'),
(6012,	29,	'monday',	'14:12:00',	'14:31:00',	'Sutrans'),
(6013,	29,	'monday',	'17:10:00',	'17:19:00',	'Sutrans'),
(6014,	29,	'monday',	'12:06:00',	'12:37:00',	'Sutrans'),
(6015,	29,	'monday',	'15:02:00',	'15:22:00',	'Sutrans'),
(6016,	29,	'monday',	'15:19:00',	'15:23:00',	'Sutrans'),
(6017,	29,	'tuesday',	'14:07:00',	'14:42:00',	'Sutrans'),
(6018,	29,	'tuesday',	'13:02:00',	'13:28:00',	'Sutrans'),
(6019,	29,	'tuesday',	'07:15:00',	'07:46:00',	'Sutrans'),
(6020,	29,	'tuesday',	'12:02:00',	'12:21:00',	'Sutrans'),
(6021,	29,	'tuesday',	'11:06:00',	'11:23:00',	'Sutrans'),
(6022,	29,	'tuesday',	'17:05:00',	'17:29:00',	'Sutrans'),
(6023,	29,	'tuesday',	'09:15:00',	'09:38:00',	'Sutrans'),
(6024,	29,	'tuesday',	'11:08:00',	'11:20:00',	'Sutrans'),
(6025,	29,	'tuesday',	'11:11:00',	'11:22:00',	'Sutrans'),
(6026,	29,	'tuesday',	'10:15:00',	'10:34:00',	'Sutrans'),
(6027,	29,	'tuesday',	'10:04:00',	'10:07:00',	'Sutrans'),
(6028,	29,	'tuesday',	'19:09:00',	'19:27:00',	'Sutrans'),
(6029,	29,	'wednesday',	'13:20:00',	'13:35:00',	'Sutrans'),
(6030,	29,	'wednesday',	'07:09:00',	'07:40:00',	'Sutrans'),
(6031,	29,	'wednesday',	'08:14:00',	'08:19:00',	'Sutrans'),
(6032,	29,	'wednesday',	'10:12:00',	'10:41:00',	'Sutrans'),
(6033,	29,	'wednesday',	'09:01:00',	'09:12:00',	'Sutrans'),
(6034,	29,	'wednesday',	'06:06:00',	'06:42:00',	'Sutrans'),
(6035,	29,	'wednesday',	'15:04:00',	'15:25:00',	'Sutrans'),
(6036,	29,	'wednesday',	'19:11:00',	'19:22:00',	'Sutrans'),
(6037,	29,	'thursday',	'06:14:00',	'06:15:00',	'Sutrans'),
(6038,	29,	'thursday',	'06:14:00',	'06:49:00',	'Sutrans'),
(6039,	29,	'thursday',	'12:20:00',	'12:46:00',	'Sutrans'),
(6040,	29,	'thursday',	'13:12:00',	'13:22:00',	'Sutrans'),
(6041,	29,	'thursday',	'12:02:00',	'12:22:00',	'Sutrans'),
(6042,	29,	'thursday',	'14:02:00',	'14:06:00',	'Sutrans'),
(6043,	29,	'thursday',	'19:16:00',	'19:54:00',	'Sutrans'),
(6044,	29,	'thursday',	'19:13:00',	'19:35:00',	'Sutrans'),
(6045,	29,	'thursday',	'11:13:00',	'11:37:00',	'Sutrans'),
(6046,	29,	'thursday',	'08:17:00',	'08:35:00',	'Sutrans'),
(6047,	29,	'saturday',	'08:19:00',	'08:49:00',	'Sutrans'),
(6048,	29,	'saturday',	'06:20:00',	'06:35:00',	'Sutrans'),
(6049,	29,	'saturday',	'05:11:00',	'05:35:00',	'Sutrans'),
(6050,	29,	'saturday',	'08:08:00',	'08:40:00',	'Sutrans'),
(6051,	29,	'saturday',	'09:13:00',	'09:13:00',	'Sutrans'),
(6052,	29,	'saturday',	'14:04:00',	'14:04:00',	'Sutrans'),
(6053,	29,	'saturday',	'14:10:00',	'14:24:00',	'Sutrans'),
(6054,	29,	'saturday',	'14:08:00',	'14:31:00',	'Sutrans'),
(6055,	29,	'saturday',	'17:17:00',	'17:21:00',	'Sutrans'),
(6056,	29,	'saturday',	'13:14:00',	'13:51:00',	'Sutrans'),
(6057,	29,	'saturday',	'15:20:00',	'15:47:00',	'Sutrans'),
(6058,	29,	'saturday',	'10:08:00',	'10:36:00',	'Sutrans'),
(6059,	29,	'saturday',	'17:08:00',	'17:30:00',	'Sutrans'),
(6060,	29,	'saturday',	'18:13:00',	'18:39:00',	'Sutrans'),
(6061,	29,	'sunday',	'14:05:00',	'14:21:00',	'Sutrans'),
(6062,	29,	'sunday',	'16:01:00',	'16:06:00',	'Sutrans'),
(6063,	29,	'sunday',	'12:11:00',	'12:37:00',	'Sutrans'),
(6064,	29,	'sunday',	'12:08:00',	'12:18:00',	'Sutrans'),
(6065,	29,	'sunday',	'05:00:00',	'05:21:00',	'Sutrans'),
(6066,	29,	'sunday',	'05:05:00',	'05:17:00',	'Sutrans'),
(6067,	29,	'sunday',	'07:02:00',	'07:32:00',	'Sutrans'),
(6068,	29,	'sunday',	'18:06:00',	'18:23:00',	'Sutrans'),
(6069,	29,	'sunday',	'09:08:00',	'09:41:00',	'Sutrans'),
(6070,	29,	'sunday',	'17:12:00',	'17:22:00',	'Sutrans'),
(6071,	29,	'sunday',	'15:15:00',	'15:37:00',	'Sutrans'),
(6072,	29,	'sunday',	'10:07:00',	'10:44:00',	'Sutrans'),
(6073,	29,	'sunday',	'05:03:00',	'05:04:00',	'Sutrans'),
(6074,	29,	'sunday',	'18:00:00',	'18:10:00',	'Sutrans'),
(6075,	30,	'monday',	'15:02:00',	'15:02:00',	'Sutrans'),
(6076,	30,	'monday',	'06:16:00',	'06:45:00',	'Sutrans'),
(6077,	30,	'monday',	'10:17:00',	'10:29:00',	'Sutrans'),
(6078,	30,	'monday',	'19:18:00',	'19:18:00',	'Sutrans'),
(6079,	30,	'monday',	'13:04:00',	'13:10:00',	'Sutrans'),
(6080,	30,	'monday',	'18:00:00',	'18:20:00',	'Sutrans'),
(6081,	30,	'monday',	'09:09:00',	'09:15:00',	'Sutrans'),
(6082,	30,	'monday',	'11:06:00',	'11:25:00',	'Sutrans'),
(6083,	30,	'monday',	'13:12:00',	'13:45:00',	'Sutrans'),
(6084,	30,	'monday',	'06:17:00',	'06:30:00',	'Sutrans'),
(6085,	30,	'tuesday',	'13:07:00',	'13:31:00',	'Sutrans'),
(6086,	30,	'tuesday',	'12:11:00',	'12:37:00',	'Sutrans'),
(6087,	30,	'tuesday',	'10:03:00',	'10:39:00',	'Sutrans'),
(6088,	30,	'tuesday',	'10:05:00',	'10:05:00',	'Sutrans'),
(6089,	30,	'tuesday',	'13:07:00',	'13:14:00',	'Sutrans'),
(6090,	30,	'tuesday',	'18:00:00',	'18:29:00',	'Sutrans'),
(6091,	30,	'tuesday',	'10:15:00',	'10:44:00',	'Sutrans'),
(6092,	30,	'tuesday',	'10:02:00',	'10:26:00',	'Sutrans'),
(6093,	30,	'wednesday',	'10:08:00',	'10:47:00',	'Sutrans'),
(6094,	30,	'wednesday',	'12:09:00',	'12:33:00',	'Sutrans'),
(6095,	30,	'wednesday',	'05:17:00',	'05:23:00',	'Sutrans'),
(6096,	30,	'wednesday',	'15:19:00',	'15:27:00',	'Sutrans'),
(6097,	30,	'wednesday',	'17:13:00',	'17:34:00',	'Sutrans'),
(6098,	30,	'wednesday',	'17:08:00',	'17:28:00',	'Sutrans'),
(6099,	30,	'wednesday',	'19:08:00',	'19:10:00',	'Sutrans'),
(6100,	30,	'wednesday',	'14:15:00',	'14:53:00',	'Sutrans'),
(6101,	30,	'wednesday',	'14:11:00',	'14:12:00',	'Sutrans'),
(6102,	30,	'wednesday',	'18:06:00',	'18:16:00',	'Sutrans'),
(6103,	30,	'wednesday',	'19:03:00',	'19:32:00',	'Sutrans'),
(6104,	30,	'wednesday',	'07:17:00',	'07:47:00',	'Sutrans'),
(6105,	30,	'wednesday',	'10:13:00',	'10:17:00',	'Sutrans'),
(6106,	30,	'wednesday',	'10:19:00',	'10:39:00',	'Sutrans'),
(6107,	30,	'wednesday',	'17:06:00',	'17:39:00',	'Sutrans'),
(6108,	30,	'thursday',	'14:14:00',	'14:25:00',	'Sutrans'),
(6109,	30,	'thursday',	'07:16:00',	'07:48:00',	'Sutrans'),
(6110,	30,	'thursday',	'15:01:00',	'15:40:00',	'Sutrans'),
(6111,	30,	'thursday',	'17:14:00',	'17:15:00',	'Sutrans'),
(6112,	30,	'thursday',	'14:11:00',	'14:42:00',	'Sutrans'),
(6113,	30,	'thursday',	'20:04:00',	'20:22:00',	'Sutrans'),
(6114,	30,	'thursday',	'15:07:00',	'15:11:00',	'Sutrans'),
(6115,	30,	'thursday',	'08:20:00',	'08:39:00',	'Sutrans'),
(6116,	30,	'thursday',	'13:17:00',	'13:23:00',	'Sutrans'),
(6117,	30,	'thursday',	'19:06:00',	'19:20:00',	'Sutrans'),
(6118,	30,	'thursday',	'07:09:00',	'07:17:00',	'Sutrans'),
(6119,	30,	'thursday',	'12:04:00',	'12:37:00',	'Sutrans'),
(6120,	30,	'thursday',	'10:01:00',	'10:03:00',	'Sutrans'),
(6121,	30,	'thursday',	'11:00:00',	'11:00:00',	'Sutrans'),
(6122,	30,	'saturday',	'16:20:00',	'16:36:00',	'Sutrans'),
(6123,	30,	'saturday',	'15:01:00',	'15:38:00',	'Sutrans'),
(6124,	30,	'saturday',	'16:03:00',	'16:24:00',	'Sutrans'),
(6125,	30,	'saturday',	'20:18:00',	'20:23:00',	'Sutrans'),
(6126,	30,	'saturday',	'20:02:00',	'20:16:00',	'Sutrans'),
(6127,	30,	'saturday',	'14:06:00',	'14:13:00',	'Sutrans'),
(6128,	30,	'saturday',	'15:20:00',	'15:55:00',	'Sutrans'),
(6129,	30,	'saturday',	'15:05:00',	'15:19:00',	'Sutrans'),
(6130,	30,	'saturday',	'14:15:00',	'14:43:00',	'Sutrans'),
(6131,	30,	'saturday',	'07:02:00',	'07:28:00',	'Sutrans'),
(6132,	30,	'saturday',	'13:06:00',	'13:13:00',	'Sutrans'),
(6133,	30,	'saturday',	'10:13:00',	'10:48:00',	'Sutrans'),
(6134,	30,	'saturday',	'20:03:00',	'20:14:00',	'Sutrans'),
(6135,	30,	'sunday',	'07:13:00',	'07:40:00',	'Sutrans'),
(6136,	30,	'sunday',	'05:16:00',	'05:33:00',	'Sutrans'),
(6137,	30,	'sunday',	'07:06:00',	'07:31:00',	'Sutrans'),
(6138,	30,	'sunday',	'13:16:00',	'13:23:00',	'Sutrans'),
(6139,	30,	'sunday',	'06:02:00',	'06:18:00',	'Sutrans'),
(6140,	30,	'sunday',	'11:10:00',	'11:30:00',	'Sutrans'),
(6141,	30,	'sunday',	'06:20:00',	'06:27:00',	'Sutrans'),
(6142,	30,	'sunday',	'20:01:00',	'20:17:00',	'Sutrans'),
(6143,	30,	'sunday',	'20:04:00',	'20:27:00',	'Sutrans'),
(6144,	30,	'sunday',	'07:10:00',	'07:46:00',	'Sutrans'),
(6145,	30,	'sunday',	'11:02:00',	'11:04:00',	'Sutrans'),
(6146,	30,	'sunday',	'15:15:00',	'15:16:00',	'Sutrans'),
(6147,	30,	'sunday',	'15:15:00',	'15:38:00',	'Sutrans'),
(6148,	31,	'monday',	'05:11:00',	'05:35:00',	'Sutrans'),
(6149,	31,	'monday',	'05:17:00',	'05:30:00',	'Sutrans'),
(6150,	31,	'monday',	'15:04:00',	'15:13:00',	'Sutrans'),
(6151,	31,	'monday',	'10:18:00',	'10:43:00',	'Sutrans'),
(6152,	31,	'monday',	'11:03:00',	'11:04:00',	'Sutrans'),
(6153,	31,	'monday',	'17:19:00',	'17:31:00',	'Sutrans'),
(6154,	31,	'monday',	'20:14:00',	'20:43:00',	'Sutrans'),
(6155,	31,	'monday',	'15:20:00',	'15:41:00',	'Sutrans'),
(6156,	31,	'monday',	'15:10:00',	'15:26:00',	'Sutrans'),
(6157,	31,	'monday',	'17:09:00',	'17:10:00',	'Sutrans'),
(6158,	31,	'monday',	'16:14:00',	'16:24:00',	'Sutrans'),
(6159,	31,	'monday',	'20:04:00',	'20:34:00',	'Sutrans'),
(6160,	31,	'monday',	'14:03:00',	'14:13:00',	'Sutrans'),
(6161,	31,	'tuesday',	'05:06:00',	'05:26:00',	'Sutrans'),
(6162,	31,	'tuesday',	'08:03:00',	'08:03:00',	'Sutrans'),
(6163,	31,	'tuesday',	'06:20:00',	'06:46:00',	'Sutrans'),
(6164,	31,	'tuesday',	'20:07:00',	'20:11:00',	'Sutrans'),
(6165,	31,	'tuesday',	'19:03:00',	'19:11:00',	'Sutrans'),
(6166,	31,	'tuesday',	'08:15:00',	'08:17:00',	'Sutrans'),
(6167,	31,	'tuesday',	'19:09:00',	'19:16:00',	'Sutrans'),
(6168,	31,	'tuesday',	'06:19:00',	'06:21:00',	'Sutrans'),
(6169,	31,	'tuesday',	'11:06:00',	'11:08:00',	'Sutrans'),
(6170,	31,	'tuesday',	'17:16:00',	'17:29:00',	'Sutrans'),
(6171,	31,	'tuesday',	'16:09:00',	'16:11:00',	'Sutrans'),
(6172,	31,	'wednesday',	'08:17:00',	'08:29:00',	'Sutrans'),
(6173,	31,	'wednesday',	'15:17:00',	'15:30:00',	'Sutrans'),
(6174,	31,	'wednesday',	'09:12:00',	'09:39:00',	'Sutrans'),
(6175,	31,	'wednesday',	'06:02:00',	'06:11:00',	'Sutrans'),
(6176,	31,	'wednesday',	'13:07:00',	'13:25:00',	'Sutrans'),
(6177,	31,	'wednesday',	'12:07:00',	'12:46:00',	'Sutrans'),
(6178,	31,	'wednesday',	'07:05:00',	'07:28:00',	'Sutrans'),
(6179,	31,	'wednesday',	'17:09:00',	'17:20:00',	'Sutrans'),
(6180,	31,	'wednesday',	'09:06:00',	'09:18:00',	'Sutrans'),
(6181,	31,	'wednesday',	'06:04:00',	'06:11:00',	'Sutrans'),
(6182,	31,	'wednesday',	'13:02:00',	'13:04:00',	'Sutrans'),
(6183,	31,	'wednesday',	'12:16:00',	'12:28:00',	'Sutrans'),
(6184,	31,	'wednesday',	'15:06:00',	'15:34:00',	'Sutrans'),
(6185,	31,	'thursday',	'10:14:00',	'10:35:00',	'Sutrans'),
(6186,	31,	'thursday',	'10:11:00',	'10:42:00',	'Sutrans'),
(6187,	31,	'thursday',	'10:09:00',	'10:45:00',	'Sutrans'),
(6188,	31,	'thursday',	'18:05:00',	'18:21:00',	'Sutrans'),
(6189,	31,	'thursday',	'05:16:00',	'05:27:00',	'Sutrans'),
(6190,	31,	'thursday',	'07:12:00',	'07:27:00',	'Sutrans'),
(6191,	31,	'thursday',	'06:19:00',	'06:19:00',	'Sutrans'),
(6192,	31,	'thursday',	'20:12:00',	'20:21:00',	'Sutrans'),
(6193,	31,	'thursday',	'08:11:00',	'08:25:00',	'Sutrans'),
(6194,	31,	'thursday',	'07:11:00',	'07:35:00',	'Sutrans'),
(6195,	31,	'thursday',	'10:20:00',	'10:31:00',	'Sutrans'),
(6196,	31,	'saturday',	'13:11:00',	'13:14:00',	'Sutrans'),
(6197,	31,	'saturday',	'18:03:00',	'18:21:00',	'Sutrans'),
(6198,	31,	'saturday',	'13:06:00',	'13:34:00',	'Sutrans'),
(6199,	31,	'saturday',	'17:14:00',	'17:46:00',	'Sutrans'),
(6200,	31,	'saturday',	'14:04:00',	'14:12:00',	'Sutrans'),
(6201,	31,	'saturday',	'07:12:00',	'07:25:00',	'Sutrans'),
(6202,	31,	'saturday',	'10:20:00',	'10:43:00',	'Sutrans'),
(6203,	31,	'saturday',	'07:09:00',	'07:12:00',	'Sutrans'),
(6204,	31,	'sunday',	'06:09:00',	'06:45:00',	'Sutrans'),
(6205,	31,	'sunday',	'13:13:00',	'13:52:00',	'Sutrans'),
(6206,	31,	'sunday',	'13:19:00',	'13:32:00',	'Sutrans'),
(6207,	31,	'sunday',	'11:12:00',	'11:44:00',	'Sutrans'),
(6208,	31,	'sunday',	'19:08:00',	'19:29:00',	'Sutrans'),
(6209,	31,	'sunday',	'18:08:00',	'18:19:00',	'Sutrans'),
(6210,	31,	'sunday',	'07:06:00',	'07:45:00',	'Sutrans'),
(6211,	31,	'sunday',	'08:03:00',	'08:09:00',	'Sutrans'),
(6212,	31,	'sunday',	'13:06:00',	'13:16:00',	'Sutrans'),
(6213,	31,	'sunday',	'14:06:00',	'14:42:00',	'Sutrans'),
(6214,	31,	'sunday',	'08:14:00',	'08:27:00',	'Sutrans'),
(6215,	31,	'sunday',	'06:08:00',	'06:24:00',	'Sutrans'),
(6216,	31,	'sunday',	'19:07:00',	'19:10:00',	'Sutrans'),
(6217,	20,	'monday',	'16:03:00',	'16:39:00',	'Sutrans'),
(6218,	20,	'monday',	'07:06:00',	'07:15:00',	'Sutrans'),
(6219,	20,	'monday',	'19:04:00',	'19:25:00',	'Sutrans'),
(6220,	20,	'monday',	'08:15:00',	'08:20:00',	'Sutrans'),
(6221,	20,	'monday',	'18:11:00',	'18:42:00',	'Sutrans'),
(6222,	20,	'monday',	'06:20:00',	'06:44:00',	'Sutrans'),
(6223,	20,	'monday',	'13:01:00',	'13:13:00',	'Sutrans'),
(6224,	20,	'monday',	'18:14:00',	'18:23:00',	'Sutrans'),
(6225,	20,	'monday',	'05:04:00',	'05:39:00',	'Sutrans'),
(6226,	20,	'tuesday',	'15:08:00',	'15:36:00',	'Sutrans'),
(6227,	20,	'tuesday',	'15:01:00',	'15:03:00',	'Sutrans'),
(6228,	20,	'tuesday',	'20:07:00',	'20:46:00',	'Sutrans'),
(6229,	20,	'tuesday',	'18:16:00',	'18:39:00',	'Sutrans'),
(6230,	20,	'tuesday',	'16:17:00',	'16:26:00',	'Sutrans'),
(6231,	20,	'tuesday',	'06:13:00',	'06:31:00',	'Sutrans'),
(6232,	20,	'tuesday',	'10:01:00',	'10:08:00',	'Sutrans'),
(6233,	20,	'tuesday',	'09:07:00',	'09:09:00',	'Sutrans'),
(6234,	20,	'tuesday',	'11:05:00',	'11:28:00',	'Sutrans'),
(6235,	20,	'tuesday',	'05:16:00',	'05:49:00',	'Sutrans'),
(6236,	20,	'tuesday',	'06:13:00',	'06:47:00',	'Sutrans'),
(6237,	20,	'tuesday',	'10:20:00',	'10:48:00',	'Sutrans'),
(6238,	20,	'tuesday',	'05:12:00',	'05:36:00',	'Sutrans'),
(6239,	20,	'tuesday',	'06:20:00',	'06:48:00',	'Sutrans'),
(6240,	20,	'tuesday',	'19:06:00',	'19:09:00',	'Sutrans'),
(6241,	20,	'wednesday',	'19:05:00',	'19:40:00',	'Sutrans'),
(6242,	20,	'wednesday',	'07:19:00',	'07:48:00',	'Sutrans'),
(6243,	20,	'wednesday',	'08:07:00',	'08:10:00',	'Sutrans'),
(6244,	20,	'wednesday',	'09:11:00',	'09:44:00',	'Sutrans'),
(6245,	20,	'wednesday',	'19:05:00',	'19:17:00',	'Sutrans'),
(6246,	20,	'wednesday',	'20:10:00',	'20:37:00',	'Sutrans'),
(6247,	20,	'wednesday',	'05:19:00',	'05:45:00',	'Sutrans'),
(6248,	20,	'wednesday',	'11:10:00',	'11:42:00',	'Sutrans'),
(6249,	20,	'wednesday',	'15:15:00',	'15:42:00',	'Sutrans'),
(6250,	20,	'wednesday',	'17:12:00',	'17:25:00',	'Sutrans'),
(6251,	20,	'wednesday',	'19:00:00',	'19:05:00',	'Sutrans'),
(6252,	20,	'wednesday',	'17:14:00',	'17:36:00',	'Sutrans'),
(6253,	20,	'wednesday',	'06:17:00',	'06:55:00',	'Sutrans'),
(6254,	20,	'thursday',	'18:01:00',	'18:29:00',	'Sutrans'),
(6255,	20,	'thursday',	'06:08:00',	'06:47:00',	'Sutrans'),
(6256,	20,	'thursday',	'08:09:00',	'08:23:00',	'Sutrans'),
(6257,	20,	'thursday',	'18:17:00',	'18:40:00',	'Sutrans'),
(6258,	20,	'thursday',	'17:02:00',	'17:16:00',	'Sutrans'),
(6259,	20,	'thursday',	'17:20:00',	'17:26:00',	'Sutrans'),
(6260,	20,	'thursday',	'17:12:00',	'17:36:00',	'Sutrans'),
(6261,	20,	'thursday',	'07:12:00',	'07:40:00',	'Sutrans'),
(6262,	20,	'thursday',	'05:03:00',	'05:22:00',	'Sutrans'),
(6263,	20,	'saturday',	'20:11:00',	'20:37:00',	'Sutrans'),
(6264,	20,	'saturday',	'13:15:00',	'13:27:00',	'Sutrans'),
(6265,	20,	'saturday',	'20:03:00',	'20:08:00',	'Sutrans'),
(6266,	20,	'saturday',	'10:13:00',	'10:51:00',	'Sutrans'),
(6267,	20,	'saturday',	'09:04:00',	'09:31:00',	'Sutrans'),
(6268,	20,	'saturday',	'12:19:00',	'12:52:00',	'Sutrans'),
(6269,	20,	'saturday',	'12:06:00',	'12:32:00',	'Sutrans'),
(6270,	20,	'saturday',	'07:17:00',	'07:27:00',	'Sutrans'),
(6271,	20,	'saturday',	'08:20:00',	'08:29:00',	'Sutrans'),
(6272,	20,	'sunday',	'17:06:00',	'17:29:00',	'Sutrans'),
(6273,	20,	'sunday',	'19:01:00',	'19:24:00',	'Sutrans'),
(6274,	20,	'sunday',	'06:19:00',	'06:42:00',	'Sutrans'),
(6275,	20,	'sunday',	'05:16:00',	'05:24:00',	'Sutrans'),
(6276,	20,	'sunday',	'10:05:00',	'10:32:00',	'Sutrans'),
(6277,	20,	'sunday',	'07:05:00',	'07:38:00',	'Sutrans'),
(6278,	20,	'sunday',	'14:19:00',	'14:47:00',	'Sutrans'),
(6279,	20,	'sunday',	'11:01:00',	'11:25:00',	'Sutrans'),
(6280,	20,	'sunday',	'18:12:00',	'18:47:00',	'Sutrans'),
(6281,	32,	'monday',	'17:20:00',	'17:25:00',	'Sutrans'),
(6282,	32,	'monday',	'12:09:00',	'12:09:00',	'Sutrans'),
(6283,	32,	'monday',	'07:08:00',	'07:23:00',	'Sutrans'),
(6284,	32,	'monday',	'11:11:00',	'11:21:00',	'Sutrans'),
(6285,	32,	'monday',	'18:06:00',	'18:29:00',	'Sutrans'),
(6286,	32,	'monday',	'13:12:00',	'13:22:00',	'Sutrans'),
(6287,	32,	'monday',	'14:20:00',	'14:28:00',	'Sutrans'),
(6288,	32,	'monday',	'06:07:00',	'06:41:00',	'Sutrans'),
(6289,	32,	'monday',	'12:00:00',	'12:26:00',	'Sutrans'),
(6290,	32,	'monday',	'18:02:00',	'18:19:00',	'Sutrans'),
(6291,	32,	'monday',	'20:04:00',	'20:27:00',	'Sutrans'),
(6292,	32,	'monday',	'19:16:00',	'19:18:00',	'Sutrans'),
(6293,	32,	'monday',	'16:14:00',	'16:15:00',	'Sutrans'),
(6294,	32,	'monday',	'06:17:00',	'06:30:00',	'Sutrans'),
(6295,	32,	'monday',	'20:05:00',	'20:23:00',	'Sutrans'),
(6296,	32,	'tuesday',	'12:00:00',	'12:11:00',	'Sutrans'),
(6297,	32,	'tuesday',	'15:09:00',	'15:28:00',	'Sutrans'),
(6298,	32,	'tuesday',	'15:02:00',	'15:14:00',	'Sutrans'),
(6299,	32,	'tuesday',	'14:17:00',	'14:27:00',	'Sutrans'),
(6300,	32,	'tuesday',	'08:11:00',	'08:15:00',	'Sutrans'),
(6301,	32,	'tuesday',	'19:15:00',	'19:31:00',	'Sutrans'),
(6302,	32,	'tuesday',	'06:12:00',	'06:40:00',	'Sutrans'),
(6303,	32,	'tuesday',	'11:19:00',	'11:57:00',	'Sutrans'),
(6304,	32,	'wednesday',	'13:17:00',	'13:51:00',	'Sutrans'),
(6305,	32,	'wednesday',	'17:08:00',	'17:31:00',	'Sutrans'),
(6306,	32,	'wednesday',	'06:10:00',	'06:33:00',	'Sutrans'),
(6307,	32,	'wednesday',	'05:01:00',	'05:28:00',	'Sutrans'),
(6308,	32,	'wednesday',	'13:11:00',	'13:35:00',	'Sutrans'),
(6309,	32,	'wednesday',	'19:00:00',	'19:19:00',	'Sutrans'),
(6310,	32,	'wednesday',	'10:06:00',	'10:19:00',	'Sutrans'),
(6311,	32,	'wednesday',	'14:09:00',	'14:38:00',	'Sutrans'),
(6312,	32,	'wednesday',	'19:13:00',	'19:22:00',	'Sutrans'),
(6313,	32,	'wednesday',	'14:01:00',	'14:11:00',	'Sutrans'),
(6314,	32,	'wednesday',	'07:12:00',	'07:26:00',	'Sutrans'),
(6315,	32,	'wednesday',	'06:14:00',	'06:48:00',	'Sutrans'),
(6316,	32,	'wednesday',	'20:16:00',	'20:19:00',	'Sutrans'),
(6317,	32,	'thursday',	'12:10:00',	'12:25:00',	'Sutrans'),
(6318,	32,	'thursday',	'11:03:00',	'11:23:00',	'Sutrans'),
(6319,	32,	'thursday',	'06:14:00',	'06:45:00',	'Sutrans'),
(6320,	32,	'thursday',	'07:07:00',	'07:33:00',	'Sutrans'),
(6321,	32,	'thursday',	'15:10:00',	'15:41:00',	'Sutrans'),
(6322,	32,	'thursday',	'07:10:00',	'07:17:00',	'Sutrans'),
(6323,	32,	'thursday',	'05:15:00',	'05:50:00',	'Sutrans'),
(6324,	32,	'thursday',	'14:16:00',	'14:33:00',	'Sutrans'),
(6325,	32,	'thursday',	'10:06:00',	'10:09:00',	'Sutrans'),
(6326,	32,	'thursday',	'09:15:00',	'09:17:00',	'Sutrans'),
(6327,	32,	'thursday',	'14:15:00',	'14:54:00',	'Sutrans'),
(6328,	32,	'thursday',	'07:05:00',	'07:07:00',	'Sutrans'),
(6329,	32,	'thursday',	'11:13:00',	'11:31:00',	'Sutrans'),
(6330,	32,	'thursday',	'06:13:00',	'06:28:00',	'Sutrans'),
(6331,	32,	'saturday',	'08:05:00',	'08:13:00',	'Sutrans'),
(6332,	32,	'saturday',	'14:14:00',	'14:32:00',	'Sutrans'),
(6333,	32,	'saturday',	'20:07:00',	'20:34:00',	'Sutrans'),
(6334,	32,	'saturday',	'18:20:00',	'18:52:00',	'Sutrans'),
(6335,	32,	'saturday',	'12:06:00',	'12:19:00',	'Sutrans'),
(6336,	32,	'saturday',	'09:13:00',	'09:50:00',	'Sutrans'),
(6337,	32,	'saturday',	'18:08:00',	'18:19:00',	'Sutrans'),
(6338,	32,	'saturday',	'20:08:00',	'20:28:00',	'Sutrans'),
(6339,	32,	'saturday',	'20:02:00',	'20:25:00',	'Sutrans'),
(6340,	32,	'saturday',	'15:18:00',	'15:40:00',	'Sutrans'),
(6341,	32,	'saturday',	'10:17:00',	'10:22:00',	'Sutrans'),
(6342,	32,	'saturday',	'15:20:00',	'15:28:00',	'Sutrans'),
(6343,	32,	'saturday',	'15:15:00',	'15:38:00',	'Sutrans'),
(6344,	32,	'saturday',	'16:17:00',	'16:34:00',	'Sutrans'),
(6345,	32,	'sunday',	'08:11:00',	'08:50:00',	'Sutrans'),
(6346,	32,	'sunday',	'08:03:00',	'08:20:00',	'Sutrans'),
(6347,	32,	'sunday',	'09:10:00',	'09:15:00',	'Sutrans'),
(6348,	32,	'sunday',	'07:12:00',	'07:50:00',	'Sutrans'),
(6349,	32,	'sunday',	'20:19:00',	'20:44:00',	'Sutrans'),
(6350,	32,	'sunday',	'14:15:00',	'14:20:00',	'Sutrans'),
(6351,	32,	'sunday',	'05:20:00',	'05:35:00',	'Sutrans'),
(6352,	32,	'sunday',	'09:12:00',	'09:37:00',	'Sutrans'),
(6353,	32,	'sunday',	'08:08:00',	'08:09:00',	'Sutrans'),
(6354,	32,	'sunday',	'07:10:00',	'07:27:00',	'Sutrans'),
(6355,	32,	'sunday',	'06:20:00',	'06:40:00',	'Sutrans'),
(6356,	35,	'monday',	'13:10:00',	'13:22:00',	'Sutrans'),
(6357,	35,	'monday',	'17:01:00',	'17:31:00',	'Sutrans'),
(6358,	35,	'monday',	'12:13:00',	'12:44:00',	'Sutrans'),
(6359,	35,	'monday',	'10:18:00',	'10:33:00',	'Sutrans'),
(6360,	35,	'monday',	'20:12:00',	'20:35:00',	'Sutrans'),
(6361,	35,	'monday',	'15:09:00',	'15:35:00',	'Sutrans'),
(6362,	35,	'monday',	'16:12:00',	'16:16:00',	'Sutrans'),
(6363,	35,	'monday',	'11:11:00',	'11:11:00',	'Sutrans'),
(6364,	35,	'monday',	'09:17:00',	'09:42:00',	'Sutrans'),
(6365,	35,	'monday',	'12:15:00',	'12:32:00',	'Sutrans'),
(6366,	35,	'monday',	'11:15:00',	'11:20:00',	'Sutrans'),
(6367,	35,	'monday',	'07:14:00',	'07:50:00',	'Sutrans'),
(6368,	35,	'tuesday',	'10:20:00',	'10:20:00',	'Sutrans'),
(6369,	35,	'tuesday',	'07:16:00',	'07:37:00',	'Sutrans'),
(6370,	35,	'tuesday',	'15:18:00',	'15:20:00',	'Sutrans'),
(6371,	35,	'tuesday',	'19:10:00',	'19:24:00',	'Sutrans'),
(6372,	35,	'tuesday',	'18:20:00',	'18:29:00',	'Sutrans'),
(6373,	35,	'tuesday',	'05:01:00',	'05:37:00',	'Sutrans'),
(6374,	35,	'tuesday',	'05:15:00',	'05:22:00',	'Sutrans'),
(6375,	35,	'tuesday',	'16:06:00',	'16:34:00',	'Sutrans'),
(6376,	35,	'tuesday',	'14:07:00',	'14:25:00',	'Sutrans'),
(6377,	35,	'tuesday',	'07:14:00',	'07:40:00',	'Sutrans'),
(6378,	35,	'tuesday',	'12:15:00',	'12:22:00',	'Sutrans'),
(6379,	35,	'wednesday',	'12:20:00',	'12:28:00',	'Sutrans'),
(6380,	35,	'wednesday',	'16:20:00',	'16:48:00',	'Sutrans'),
(6381,	35,	'wednesday',	'16:00:00',	'16:33:00',	'Sutrans'),
(6382,	35,	'wednesday',	'12:11:00',	'12:36:00',	'Sutrans'),
(6383,	35,	'wednesday',	'11:07:00',	'11:25:00',	'Sutrans'),
(6384,	35,	'wednesday',	'19:10:00',	'19:17:00',	'Sutrans'),
(6385,	35,	'wednesday',	'10:14:00',	'10:38:00',	'Sutrans'),
(6386,	35,	'wednesday',	'14:08:00',	'14:47:00',	'Sutrans'),
(6387,	35,	'wednesday',	'18:08:00',	'18:32:00',	'Sutrans'),
(6388,	35,	'wednesday',	'18:19:00',	'18:31:00',	'Sutrans'),
(6389,	35,	'wednesday',	'17:15:00',	'17:29:00',	'Sutrans'),
(6390,	35,	'wednesday',	'06:13:00',	'06:34:00',	'Sutrans'),
(6391,	35,	'thursday',	'14:15:00',	'14:18:00',	'Sutrans'),
(6392,	35,	'thursday',	'20:15:00',	'20:38:00',	'Sutrans'),
(6393,	35,	'thursday',	'18:19:00',	'18:22:00',	'Sutrans'),
(6394,	35,	'thursday',	'20:11:00',	'20:50:00',	'Sutrans'),
(6395,	35,	'thursday',	'17:20:00',	'17:28:00',	'Sutrans'),
(6396,	35,	'thursday',	'20:06:00',	'20:12:00',	'Sutrans'),
(6397,	35,	'thursday',	'08:05:00',	'08:36:00',	'Sutrans'),
(6398,	35,	'thursday',	'16:09:00',	'16:13:00',	'Sutrans'),
(6399,	35,	'thursday',	'14:17:00',	'14:35:00',	'Sutrans'),
(6400,	35,	'thursday',	'08:01:00',	'08:36:00',	'Sutrans'),
(6401,	35,	'thursday',	'14:18:00',	'14:29:00',	'Sutrans'),
(6402,	35,	'thursday',	'17:14:00',	'17:51:00',	'Sutrans'),
(6403,	35,	'thursday',	'20:08:00',	'20:31:00',	'Sutrans'),
(6404,	35,	'thursday',	'20:12:00',	'20:44:00',	'Sutrans'),
(6405,	35,	'thursday',	'06:18:00',	'06:36:00',	'Sutrans'),
(6406,	35,	'saturday',	'09:06:00',	'09:32:00',	'Sutrans'),
(6407,	35,	'saturday',	'17:04:00',	'17:17:00',	'Sutrans'),
(6408,	35,	'saturday',	'16:20:00',	'16:40:00',	'Sutrans'),
(6409,	35,	'saturday',	'17:06:00',	'17:18:00',	'Sutrans'),
(6410,	35,	'saturday',	'11:13:00',	'11:16:00',	'Sutrans'),
(6411,	35,	'saturday',	'19:09:00',	'19:36:00',	'Sutrans'),
(6412,	35,	'saturday',	'20:20:00',	'20:22:00',	'Sutrans'),
(6413,	35,	'saturday',	'20:06:00',	'20:30:00',	'Sutrans'),
(6414,	35,	'saturday',	'09:07:00',	'09:39:00',	'Sutrans'),
(6415,	35,	'sunday',	'19:13:00',	'19:26:00',	'Sutrans'),
(6416,	35,	'sunday',	'09:03:00',	'09:19:00',	'Sutrans'),
(6417,	35,	'sunday',	'12:19:00',	'12:22:00',	'Sutrans'),
(6418,	35,	'sunday',	'07:15:00',	'07:51:00',	'Sutrans'),
(6419,	35,	'sunday',	'10:12:00',	'10:37:00',	'Sutrans'),
(6420,	35,	'sunday',	'16:01:00',	'16:23:00',	'Sutrans'),
(6421,	35,	'sunday',	'14:09:00',	'14:39:00',	'Sutrans'),
(6422,	35,	'sunday',	'10:20:00',	'10:21:00',	'Sutrans'),
(6423,	36,	'monday',	'13:19:00',	'13:46:00',	'Sutrans'),
(6424,	36,	'monday',	'20:11:00',	'20:25:00',	'Sutrans'),
(6425,	36,	'monday',	'05:19:00',	'05:23:00',	'Sutrans'),
(6426,	36,	'monday',	'10:16:00',	'10:39:00',	'Sutrans'),
(6427,	36,	'monday',	'05:13:00',	'05:33:00',	'Sutrans'),
(6428,	36,	'monday',	'05:11:00',	'05:12:00',	'Sutrans'),
(6429,	36,	'monday',	'11:06:00',	'11:44:00',	'Sutrans'),
(6430,	36,	'monday',	'09:03:00',	'09:34:00',	'Sutrans'),
(6431,	36,	'monday',	'08:01:00',	'08:30:00',	'Sutrans'),
(6432,	36,	'monday',	'16:16:00',	'16:21:00',	'Sutrans'),
(6433,	36,	'monday',	'19:13:00',	'19:27:00',	'Sutrans'),
(6434,	36,	'monday',	'14:01:00',	'14:07:00',	'Sutrans'),
(6435,	36,	'monday',	'17:16:00',	'17:33:00',	'Sutrans'),
(6436,	36,	'tuesday',	'19:05:00',	'19:08:00',	'Sutrans'),
(6437,	36,	'tuesday',	'16:05:00',	'16:07:00',	'Sutrans'),
(6438,	36,	'tuesday',	'12:07:00',	'12:37:00',	'Sutrans'),
(6439,	36,	'tuesday',	'05:12:00',	'05:43:00',	'Sutrans'),
(6440,	36,	'tuesday',	'08:02:00',	'08:39:00',	'Sutrans'),
(6441,	36,	'tuesday',	'14:02:00',	'14:23:00',	'Sutrans'),
(6442,	36,	'tuesday',	'09:14:00',	'09:40:00',	'Sutrans'),
(6443,	36,	'tuesday',	'10:15:00',	'10:18:00',	'Sutrans'),
(6444,	36,	'tuesday',	'12:11:00',	'12:27:00',	'Sutrans'),
(6445,	36,	'tuesday',	'11:13:00',	'11:21:00',	'Sutrans'),
(6446,	36,	'tuesday',	'11:19:00',	'11:52:00',	'Sutrans'),
(6447,	36,	'wednesday',	'14:08:00',	'14:13:00',	'Sutrans'),
(6448,	36,	'wednesday',	'20:13:00',	'20:44:00',	'Sutrans'),
(6449,	36,	'wednesday',	'18:13:00',	'18:16:00',	'Sutrans'),
(6450,	36,	'wednesday',	'17:14:00',	'17:45:00',	'Sutrans'),
(6451,	36,	'wednesday',	'20:07:00',	'20:43:00',	'Sutrans'),
(6452,	36,	'wednesday',	'09:13:00',	'09:13:00',	'Sutrans'),
(6453,	36,	'wednesday',	'20:06:00',	'20:07:00',	'Sutrans'),
(6454,	36,	'wednesday',	'08:12:00',	'08:37:00',	'Sutrans'),
(6455,	36,	'wednesday',	'16:08:00',	'16:40:00',	'Sutrans'),
(6456,	36,	'wednesday',	'13:03:00',	'13:05:00',	'Sutrans'),
(6457,	36,	'wednesday',	'11:09:00',	'11:40:00',	'Sutrans'),
(6458,	36,	'wednesday',	'20:12:00',	'20:15:00',	'Sutrans'),
(6459,	36,	'wednesday',	'09:15:00',	'09:50:00',	'Sutrans'),
(6460,	36,	'wednesday',	'14:03:00',	'14:11:00',	'Sutrans'),
(6461,	36,	'wednesday',	'14:17:00',	'14:48:00',	'Sutrans'),
(6462,	36,	'thursday',	'17:18:00',	'17:37:00',	'Sutrans'),
(6463,	36,	'thursday',	'06:08:00',	'06:25:00',	'Sutrans'),
(6464,	36,	'thursday',	'17:02:00',	'17:17:00',	'Sutrans'),
(6465,	36,	'thursday',	'16:09:00',	'16:31:00',	'Sutrans'),
(6466,	36,	'thursday',	'09:03:00',	'09:04:00',	'Sutrans'),
(6467,	36,	'thursday',	'15:18:00',	'15:40:00',	'Sutrans'),
(6468,	36,	'thursday',	'12:18:00',	'12:32:00',	'Sutrans'),
(6469,	36,	'thursday',	'09:19:00',	'09:24:00',	'Sutrans'),
(6470,	36,	'thursday',	'05:18:00',	'05:45:00',	'Sutrans'),
(6471,	36,	'thursday',	'09:16:00',	'09:50:00',	'Sutrans'),
(6472,	36,	'thursday',	'06:10:00',	'06:17:00',	'Sutrans'),
(6473,	36,	'thursday',	'17:19:00',	'17:51:00',	'Sutrans'),
(6474,	36,	'thursday',	'07:00:00',	'07:16:00',	'Sutrans'),
(6475,	36,	'thursday',	'14:04:00',	'14:30:00',	'Sutrans'),
(6476,	36,	'thursday',	'12:20:00',	'12:30:00',	'Sutrans'),
(6477,	36,	'saturday',	'10:11:00',	'10:26:00',	'Sutrans'),
(6478,	36,	'saturday',	'17:16:00',	'17:39:00',	'Sutrans'),
(6479,	36,	'saturday',	'18:12:00',	'18:49:00',	'Sutrans'),
(6480,	36,	'saturday',	'20:13:00',	'20:15:00',	'Sutrans'),
(6481,	36,	'saturday',	'20:01:00',	'20:17:00',	'Sutrans'),
(6482,	36,	'saturday',	'15:09:00',	'15:45:00',	'Sutrans'),
(6483,	36,	'saturday',	'16:19:00',	'16:37:00',	'Sutrans'),
(6484,	36,	'saturday',	'17:11:00',	'17:35:00',	'Sutrans'),
(6485,	36,	'saturday',	'07:06:00',	'07:14:00',	'Sutrans'),
(6486,	36,	'saturday',	'19:12:00',	'19:13:00',	'Sutrans'),
(6487,	36,	'saturday',	'06:20:00',	'06:57:00',	'Sutrans'),
(6488,	36,	'saturday',	'13:03:00',	'13:24:00',	'Sutrans'),
(6489,	36,	'sunday',	'14:19:00',	'14:36:00',	'Sutrans'),
(6490,	36,	'sunday',	'10:17:00',	'10:46:00',	'Sutrans'),
(6491,	36,	'sunday',	'05:11:00',	'05:31:00',	'Sutrans'),
(6492,	36,	'sunday',	'18:01:00',	'18:32:00',	'Sutrans'),
(6493,	36,	'sunday',	'13:10:00',	'13:39:00',	'Sutrans'),
(6494,	36,	'sunday',	'19:20:00',	'19:34:00',	'Sutrans'),
(6495,	36,	'sunday',	'10:11:00',	'10:35:00',	'Sutrans'),
(6496,	36,	'sunday',	'19:09:00',	'19:09:00',	'Sutrans'),
(6497,	37,	'monday',	'05:04:00',	'05:34:00',	'Sutrans'),
(6498,	37,	'monday',	'20:04:00',	'20:30:00',	'Sutrans'),
(6499,	37,	'monday',	'07:15:00',	'07:19:00',	'Sutrans'),
(6500,	37,	'monday',	'19:15:00',	'19:27:00',	'Sutrans'),
(6501,	37,	'monday',	'15:05:00',	'15:36:00',	'Sutrans'),
(6502,	37,	'monday',	'11:03:00',	'11:38:00',	'Sutrans'),
(6503,	37,	'monday',	'07:11:00',	'07:31:00',	'Sutrans'),
(6504,	37,	'monday',	'20:15:00',	'20:50:00',	'Sutrans'),
(6505,	37,	'monday',	'13:00:00',	'13:34:00',	'Sutrans'),
(6506,	37,	'monday',	'09:16:00',	'09:55:00',	'Sutrans'),
(6507,	37,	'monday',	'20:17:00',	'20:39:00',	'Sutrans'),
(6508,	37,	'monday',	'18:09:00',	'18:29:00',	'Sutrans'),
(6509,	37,	'monday',	'09:05:00',	'09:08:00',	'Sutrans'),
(6510,	37,	'monday',	'12:11:00',	'12:16:00',	'Sutrans'),
(6511,	37,	'monday',	'20:00:00',	'20:08:00',	'Sutrans'),
(6512,	37,	'tuesday',	'06:12:00',	'06:19:00',	'Sutrans'),
(6513,	37,	'tuesday',	'06:14:00',	'06:32:00',	'Sutrans'),
(6514,	37,	'tuesday',	'06:14:00',	'06:43:00',	'Sutrans'),
(6515,	37,	'tuesday',	'13:05:00',	'13:15:00',	'Sutrans'),
(6516,	37,	'tuesday',	'07:12:00',	'07:16:00',	'Sutrans'),
(6517,	37,	'tuesday',	'08:00:00',	'08:19:00',	'Sutrans'),
(6518,	37,	'tuesday',	'11:06:00',	'11:25:00',	'Sutrans'),
(6519,	37,	'tuesday',	'10:12:00',	'10:34:00',	'Sutrans'),
(6520,	37,	'tuesday',	'19:12:00',	'19:50:00',	'Sutrans'),
(6521,	37,	'tuesday',	'05:05:00',	'05:06:00',	'Sutrans'),
(6522,	37,	'tuesday',	'11:11:00',	'11:25:00',	'Sutrans'),
(6523,	37,	'tuesday',	'20:10:00',	'20:20:00',	'Sutrans'),
(6524,	37,	'tuesday',	'09:12:00',	'09:20:00',	'Sutrans'),
(6525,	37,	'tuesday',	'09:06:00',	'09:35:00',	'Sutrans'),
(6526,	37,	'wednesday',	'16:19:00',	'16:34:00',	'Sutrans'),
(6527,	37,	'wednesday',	'06:01:00',	'06:20:00',	'Sutrans'),
(6528,	37,	'wednesday',	'13:19:00',	'13:56:00',	'Sutrans'),
(6529,	37,	'wednesday',	'08:17:00',	'08:23:00',	'Sutrans'),
(6530,	37,	'wednesday',	'06:16:00',	'06:20:00',	'Sutrans'),
(6531,	37,	'wednesday',	'19:09:00',	'19:26:00',	'Sutrans'),
(6532,	37,	'wednesday',	'08:07:00',	'08:27:00',	'Sutrans'),
(6533,	37,	'wednesday',	'19:03:00',	'19:05:00',	'Sutrans'),
(6534,	37,	'wednesday',	'13:18:00',	'13:45:00',	'Sutrans'),
(6535,	37,	'wednesday',	'15:18:00',	'15:57:00',	'Sutrans'),
(6536,	37,	'wednesday',	'12:19:00',	'12:43:00',	'Sutrans'),
(6537,	37,	'thursday',	'06:13:00',	'06:40:00',	'Sutrans'),
(6538,	37,	'thursday',	'05:00:00',	'05:11:00',	'Sutrans'),
(6539,	37,	'thursday',	'20:16:00',	'20:45:00',	'Sutrans'),
(6540,	37,	'thursday',	'07:00:00',	'07:21:00',	'Sutrans'),
(6541,	37,	'thursday',	'08:11:00',	'08:36:00',	'Sutrans'),
(6542,	37,	'thursday',	'20:00:00',	'20:33:00',	'Sutrans'),
(6543,	37,	'thursday',	'20:10:00',	'20:14:00',	'Sutrans'),
(6544,	37,	'thursday',	'12:07:00',	'12:29:00',	'Sutrans'),
(6545,	37,	'saturday',	'05:12:00',	'05:19:00',	'Sutrans'),
(6546,	37,	'saturday',	'06:19:00',	'06:54:00',	'Sutrans'),
(6547,	37,	'saturday',	'19:18:00',	'19:51:00',	'Sutrans'),
(6548,	37,	'saturday',	'20:00:00',	'20:25:00',	'Sutrans'),
(6549,	37,	'saturday',	'07:20:00',	'07:32:00',	'Sutrans'),
(6550,	37,	'saturday',	'12:16:00',	'12:46:00',	'Sutrans'),
(6551,	37,	'saturday',	'09:06:00',	'09:23:00',	'Sutrans'),
(6552,	37,	'saturday',	'12:13:00',	'12:23:00',	'Sutrans'),
(6553,	37,	'saturday',	'19:02:00',	'19:39:00',	'Sutrans'),
(6554,	37,	'saturday',	'08:13:00',	'08:43:00',	'Sutrans'),
(6555,	37,	'saturday',	'12:07:00',	'12:29:00',	'Sutrans'),
(6556,	37,	'sunday',	'05:15:00',	'05:53:00',	'Sutrans'),
(6557,	37,	'sunday',	'14:01:00',	'14:38:00',	'Sutrans'),
(6558,	37,	'sunday',	'11:13:00',	'11:22:00',	'Sutrans'),
(6559,	37,	'sunday',	'15:01:00',	'15:02:00',	'Sutrans'),
(6560,	37,	'sunday',	'15:09:00',	'15:37:00',	'Sutrans'),
(6561,	37,	'sunday',	'18:18:00',	'18:24:00',	'Sutrans'),
(6562,	37,	'sunday',	'15:06:00',	'15:43:00',	'Sutrans'),
(6563,	37,	'sunday',	'09:05:00',	'09:30:00',	'Sutrans'),
(6564,	37,	'sunday',	'15:16:00',	'15:55:00',	'Sutrans'),
(6565,	37,	'sunday',	'13:09:00',	'13:22:00',	'Sutrans'),
(6566,	22,	'monday',	'16:07:00',	'16:25:00',	'Sutrans'),
(6567,	22,	'monday',	'18:17:00',	'18:26:00',	'Sutrans'),
(6568,	22,	'monday',	'06:05:00',	'06:40:00',	'Sutrans'),
(6569,	22,	'monday',	'12:07:00',	'12:07:00',	'Sutrans'),
(6570,	22,	'monday',	'19:06:00',	'19:41:00',	'Sutrans'),
(6571,	22,	'monday',	'14:20:00',	'14:37:00',	'Sutrans'),
(6572,	22,	'monday',	'12:16:00',	'12:46:00',	'Sutrans'),
(6573,	22,	'monday',	'20:19:00',	'20:20:00',	'Sutrans'),
(6574,	22,	'tuesday',	'12:02:00',	'12:16:00',	'Sutrans'),
(6575,	22,	'tuesday',	'20:13:00',	'20:22:00',	'Sutrans'),
(6576,	22,	'tuesday',	'11:07:00',	'11:42:00',	'Sutrans'),
(6577,	22,	'tuesday',	'18:20:00',	'18:24:00',	'Sutrans'),
(6578,	22,	'tuesday',	'12:16:00',	'12:36:00',	'Sutrans'),
(6579,	22,	'tuesday',	'18:08:00',	'18:43:00',	'Sutrans'),
(6580,	22,	'tuesday',	'09:17:00',	'09:21:00',	'Sutrans'),
(6581,	22,	'tuesday',	'13:10:00',	'13:26:00',	'Sutrans'),
(6582,	22,	'tuesday',	'15:15:00',	'15:18:00',	'Sutrans'),
(6583,	22,	'tuesday',	'10:15:00',	'10:16:00',	'Sutrans'),
(6584,	22,	'tuesday',	'10:17:00',	'10:37:00',	'Sutrans'),
(6585,	22,	'tuesday',	'16:15:00',	'16:24:00',	'Sutrans'),
(6586,	22,	'wednesday',	'09:00:00',	'09:15:00',	'Sutrans'),
(6587,	22,	'wednesday',	'05:01:00',	'05:24:00',	'Sutrans'),
(6588,	22,	'wednesday',	'16:07:00',	'16:13:00',	'Sutrans'),
(6589,	22,	'wednesday',	'20:20:00',	'20:46:00',	'Sutrans'),
(6590,	22,	'wednesday',	'15:04:00',	'15:20:00',	'Sutrans'),
(6591,	22,	'wednesday',	'09:12:00',	'09:20:00',	'Sutrans'),
(6592,	22,	'wednesday',	'09:05:00',	'09:09:00',	'Sutrans'),
(6593,	22,	'wednesday',	'13:00:00',	'13:34:00',	'Sutrans'),
(6594,	22,	'wednesday',	'08:11:00',	'08:48:00',	'Sutrans'),
(6595,	22,	'wednesday',	'13:18:00',	'13:48:00',	'Sutrans'),
(6596,	22,	'wednesday',	'19:14:00',	'19:16:00',	'Sutrans'),
(6597,	22,	'wednesday',	'08:16:00',	'08:53:00',	'Sutrans'),
(6598,	22,	'wednesday',	'13:04:00',	'13:24:00',	'Sutrans'),
(6599,	22,	'wednesday',	'09:05:00',	'09:07:00',	'Sutrans'),
(6600,	22,	'thursday',	'09:02:00',	'09:10:00',	'Sutrans'),
(6601,	22,	'thursday',	'16:05:00',	'16:35:00',	'Sutrans'),
(6602,	22,	'thursday',	'19:10:00',	'19:15:00',	'Sutrans'),
(6603,	22,	'thursday',	'18:02:00',	'18:13:00',	'Sutrans'),
(6604,	22,	'thursday',	'17:16:00',	'17:16:00',	'Sutrans'),
(6605,	22,	'thursday',	'10:01:00',	'10:02:00',	'Sutrans'),
(6606,	22,	'thursday',	'10:02:00',	'10:05:00',	'Sutrans'),
(6607,	22,	'thursday',	'07:15:00',	'07:41:00',	'Sutrans'),
(6608,	22,	'thursday',	'12:20:00',	'12:43:00',	'Sutrans'),
(6609,	22,	'thursday',	'13:14:00',	'13:50:00',	'Sutrans'),
(6610,	22,	'thursday',	'17:05:00',	'17:19:00',	'Sutrans'),
(6611,	22,	'thursday',	'05:03:00',	'05:08:00',	'Sutrans'),
(6612,	22,	'thursday',	'05:08:00',	'05:26:00',	'Sutrans'),
(6613,	22,	'saturday',	'06:06:00',	'06:35:00',	'Sutrans'),
(6614,	22,	'saturday',	'05:15:00',	'05:37:00',	'Sutrans'),
(6615,	22,	'saturday',	'11:06:00',	'11:28:00',	'Sutrans'),
(6616,	22,	'saturday',	'11:19:00',	'11:48:00',	'Sutrans'),
(6617,	22,	'saturday',	'17:06:00',	'17:33:00',	'Sutrans'),
(6618,	22,	'saturday',	'20:14:00',	'20:15:00',	'Sutrans'),
(6619,	22,	'saturday',	'18:06:00',	'18:30:00',	'Sutrans'),
(6620,	22,	'saturday',	'10:20:00',	'10:52:00',	'Sutrans'),
(6621,	22,	'saturday',	'08:19:00',	'08:46:00',	'Sutrans'),
(6622,	22,	'sunday',	'10:20:00',	'10:33:00',	'Sutrans'),
(6623,	22,	'sunday',	'17:09:00',	'17:19:00',	'Sutrans'),
(6624,	22,	'sunday',	'16:16:00',	'16:19:00',	'Sutrans'),
(6625,	22,	'sunday',	'10:11:00',	'10:43:00',	'Sutrans'),
(6626,	22,	'sunday',	'09:02:00',	'09:09:00',	'Sutrans'),
(6627,	22,	'sunday',	'07:09:00',	'07:19:00',	'Sutrans'),
(6628,	22,	'sunday',	'16:14:00',	'16:45:00',	'Sutrans'),
(6629,	22,	'sunday',	'18:16:00',	'18:22:00',	'Sutrans'),
(6630,	22,	'sunday',	'13:00:00',	'13:39:00',	'Sutrans'),
(6631,	38,	'monday',	'18:11:00',	'18:37:00',	'Sutrans'),
(6632,	38,	'monday',	'13:19:00',	'13:24:00',	'Sutrans'),
(6633,	38,	'monday',	'07:15:00',	'07:18:00',	'Sutrans'),
(6634,	38,	'monday',	'05:05:00',	'05:32:00',	'Sutrans'),
(6635,	38,	'monday',	'13:14:00',	'13:31:00',	'Sutrans'),
(6636,	38,	'monday',	'06:18:00',	'06:50:00',	'Sutrans'),
(6637,	38,	'monday',	'14:00:00',	'14:12:00',	'Sutrans'),
(6638,	38,	'monday',	'18:17:00',	'18:18:00',	'Sutrans'),
(6639,	38,	'monday',	'18:20:00',	'18:48:00',	'Sutrans'),
(6640,	38,	'monday',	'11:12:00',	'11:47:00',	'Sutrans'),
(6641,	38,	'monday',	'08:15:00',	'08:26:00',	'Sutrans'),
(6642,	38,	'monday',	'20:06:00',	'20:23:00',	'Sutrans'),
(6643,	38,	'monday',	'18:07:00',	'18:15:00',	'Sutrans'),
(6644,	38,	'monday',	'20:14:00',	'20:22:00',	'Sutrans'),
(6645,	38,	'tuesday',	'06:15:00',	'06:32:00',	'Sutrans'),
(6646,	38,	'tuesday',	'20:20:00',	'20:20:00',	'Sutrans'),
(6647,	38,	'tuesday',	'05:11:00',	'05:26:00',	'Sutrans'),
(6648,	38,	'tuesday',	'12:08:00',	'12:11:00',	'Sutrans'),
(6649,	38,	'tuesday',	'18:06:00',	'18:40:00',	'Sutrans'),
(6650,	38,	'tuesday',	'16:15:00',	'16:26:00',	'Sutrans'),
(6651,	38,	'tuesday',	'19:05:00',	'19:36:00',	'Sutrans'),
(6652,	38,	'tuesday',	'05:08:00',	'05:21:00',	'Sutrans'),
(6653,	38,	'tuesday',	'18:17:00',	'18:18:00',	'Sutrans'),
(6654,	38,	'tuesday',	'14:03:00',	'14:27:00',	'Sutrans'),
(6655,	38,	'tuesday',	'09:04:00',	'09:34:00',	'Sutrans'),
(6656,	38,	'tuesday',	'06:02:00',	'06:27:00',	'Sutrans'),
(6657,	38,	'wednesday',	'15:12:00',	'15:15:00',	'Sutrans'),
(6658,	38,	'wednesday',	'07:10:00',	'07:37:00',	'Sutrans'),
(6659,	38,	'wednesday',	'17:06:00',	'17:27:00',	'Sutrans'),
(6660,	38,	'wednesday',	'11:07:00',	'11:34:00',	'Sutrans'),
(6661,	38,	'wednesday',	'11:09:00',	'11:26:00',	'Sutrans'),
(6662,	38,	'wednesday',	'18:05:00',	'18:37:00',	'Sutrans'),
(6663,	38,	'wednesday',	'09:14:00',	'09:23:00',	'Sutrans'),
(6664,	38,	'wednesday',	'10:15:00',	'10:29:00',	'Sutrans'),
(6665,	38,	'wednesday',	'13:18:00',	'13:25:00',	'Sutrans'),
(6666,	38,	'wednesday',	'17:01:00',	'17:07:00',	'Sutrans'),
(6667,	38,	'wednesday',	'14:07:00',	'14:21:00',	'Sutrans'),
(6668,	38,	'wednesday',	'12:01:00',	'12:24:00',	'Sutrans'),
(6669,	38,	'wednesday',	'14:02:00',	'14:21:00',	'Sutrans'),
(6670,	38,	'wednesday',	'10:04:00',	'10:13:00',	'Sutrans'),
(6671,	38,	'wednesday',	'06:07:00',	'06:16:00',	'Sutrans'),
(6672,	38,	'thursday',	'10:12:00',	'10:30:00',	'Sutrans'),
(6673,	38,	'thursday',	'08:08:00',	'08:16:00',	'Sutrans'),
(6674,	38,	'thursday',	'07:20:00',	'07:26:00',	'Sutrans'),
(6675,	38,	'thursday',	'11:01:00',	'11:16:00',	'Sutrans'),
(6676,	38,	'thursday',	'06:18:00',	'06:26:00',	'Sutrans'),
(6677,	38,	'thursday',	'18:05:00',	'18:37:00',	'Sutrans'),
(6678,	38,	'thursday',	'16:17:00',	'16:17:00',	'Sutrans'),
(6679,	38,	'thursday',	'08:20:00',	'08:21:00',	'Sutrans'),
(6680,	38,	'thursday',	'05:19:00',	'05:21:00',	'Sutrans'),
(6681,	38,	'thursday',	'13:05:00',	'13:06:00',	'Sutrans'),
(6682,	38,	'thursday',	'17:08:00',	'17:31:00',	'Sutrans'),
(6683,	38,	'thursday',	'15:09:00',	'15:29:00',	'Sutrans'),
(6684,	38,	'thursday',	'17:14:00',	'17:43:00',	'Sutrans'),
(6685,	38,	'thursday',	'19:04:00',	'19:36:00',	'Sutrans'),
(6686,	38,	'saturday',	'05:19:00',	'05:20:00',	'Sutrans'),
(6687,	38,	'saturday',	'16:18:00',	'16:38:00',	'Sutrans'),
(6688,	38,	'saturday',	'09:03:00',	'09:08:00',	'Sutrans'),
(6689,	38,	'saturday',	'06:07:00',	'06:24:00',	'Sutrans'),
(6690,	38,	'saturday',	'15:10:00',	'15:17:00',	'Sutrans'),
(6691,	38,	'saturday',	'07:04:00',	'07:38:00',	'Sutrans'),
(6692,	38,	'saturday',	'09:06:00',	'09:20:00',	'Sutrans'),
(6693,	38,	'saturday',	'10:14:00',	'10:17:00',	'Sutrans'),
(6694,	38,	'saturday',	'15:00:00',	'15:34:00',	'Sutrans'),
(6695,	38,	'saturday',	'20:03:00',	'20:37:00',	'Sutrans'),
(6696,	38,	'saturday',	'08:05:00',	'08:14:00',	'Sutrans'),
(6697,	38,	'saturday',	'12:08:00',	'12:12:00',	'Sutrans'),
(6698,	38,	'saturday',	'05:11:00',	'05:30:00',	'Sutrans'),
(6699,	38,	'saturday',	'19:09:00',	'19:34:00',	'Sutrans'),
(6700,	38,	'sunday',	'11:05:00',	'11:39:00',	'Sutrans'),
(6701,	38,	'sunday',	'07:14:00',	'07:45:00',	'Sutrans'),
(6702,	38,	'sunday',	'14:12:00',	'14:31:00',	'Sutrans'),
(6703,	38,	'sunday',	'13:10:00',	'13:15:00',	'Sutrans'),
(6704,	38,	'sunday',	'14:05:00',	'14:05:00',	'Sutrans'),
(6705,	38,	'sunday',	'11:14:00',	'11:39:00',	'Sutrans'),
(6706,	38,	'sunday',	'16:02:00',	'16:12:00',	'Sutrans'),
(6707,	38,	'sunday',	'08:05:00',	'08:28:00',	'Sutrans'),
(6708,	38,	'sunday',	'12:06:00',	'12:39:00',	'Sutrans'),
(6709,	39,	'monday',	'17:03:00',	'17:06:00',	'Sutrans'),
(6710,	39,	'monday',	'08:02:00',	'08:25:00',	'Sutrans'),
(6711,	39,	'monday',	'15:20:00',	'15:39:00',	'Sutrans'),
(6712,	39,	'monday',	'19:17:00',	'19:18:00',	'Sutrans'),
(6713,	39,	'monday',	'10:07:00',	'10:22:00',	'Sutrans'),
(6714,	39,	'monday',	'14:16:00',	'14:31:00',	'Sutrans'),
(6715,	39,	'monday',	'17:08:00',	'17:32:00',	'Sutrans'),
(6716,	39,	'monday',	'05:04:00',	'05:40:00',	'Sutrans'),
(6717,	39,	'tuesday',	'12:15:00',	'12:22:00',	'Sutrans'),
(6718,	39,	'tuesday',	'19:12:00',	'19:13:00',	'Sutrans'),
(6719,	39,	'tuesday',	'10:14:00',	'10:37:00',	'Sutrans'),
(6720,	39,	'tuesday',	'12:03:00',	'12:15:00',	'Sutrans'),
(6721,	39,	'tuesday',	'19:00:00',	'19:13:00',	'Sutrans'),
(6722,	39,	'tuesday',	'17:09:00',	'17:25:00',	'Sutrans'),
(6723,	39,	'tuesday',	'19:05:00',	'19:43:00',	'Sutrans'),
(6724,	39,	'tuesday',	'16:15:00',	'16:25:00',	'Sutrans'),
(6725,	39,	'tuesday',	'20:07:00',	'20:44:00',	'Sutrans'),
(6726,	39,	'tuesday',	'15:17:00',	'15:37:00',	'Sutrans'),
(6727,	39,	'tuesday',	'20:19:00',	'20:47:00',	'Sutrans'),
(6728,	39,	'tuesday',	'17:11:00',	'17:48:00',	'Sutrans'),
(6729,	39,	'tuesday',	'09:15:00',	'09:50:00',	'Sutrans'),
(6730,	39,	'wednesday',	'13:20:00',	'13:37:00',	'Sutrans'),
(6731,	39,	'wednesday',	'11:08:00',	'11:39:00',	'Sutrans'),
(6732,	39,	'wednesday',	'09:07:00',	'09:07:00',	'Sutrans'),
(6733,	39,	'wednesday',	'09:14:00',	'09:39:00',	'Sutrans'),
(6734,	39,	'wednesday',	'16:09:00',	'16:48:00',	'Sutrans'),
(6735,	39,	'wednesday',	'17:12:00',	'17:48:00',	'Sutrans'),
(6736,	39,	'wednesday',	'05:11:00',	'05:48:00',	'Sutrans'),
(6737,	39,	'wednesday',	'20:13:00',	'20:40:00',	'Sutrans'),
(6738,	39,	'wednesday',	'12:01:00',	'12:06:00',	'Sutrans'),
(6739,	39,	'wednesday',	'14:13:00',	'14:38:00',	'Sutrans'),
(6740,	39,	'wednesday',	'17:01:00',	'17:15:00',	'Sutrans'),
(6741,	39,	'wednesday',	'09:14:00',	'09:53:00',	'Sutrans'),
(6742,	39,	'wednesday',	'11:08:00',	'11:42:00',	'Sutrans'),
(6743,	39,	'wednesday',	'20:03:00',	'20:28:00',	'Sutrans'),
(6744,	39,	'thursday',	'08:09:00',	'08:24:00',	'Sutrans'),
(6745,	39,	'thursday',	'05:03:00',	'05:16:00',	'Sutrans'),
(6746,	39,	'thursday',	'18:11:00',	'18:48:00',	'Sutrans'),
(6747,	39,	'thursday',	'11:17:00',	'11:25:00',	'Sutrans'),
(6748,	39,	'thursday',	'14:03:00',	'14:25:00',	'Sutrans'),
(6749,	39,	'thursday',	'07:09:00',	'07:22:00',	'Sutrans'),
(6750,	39,	'thursday',	'09:03:00',	'09:09:00',	'Sutrans'),
(6751,	39,	'thursday',	'09:15:00',	'09:26:00',	'Sutrans'),
(6752,	39,	'thursday',	'05:03:00',	'05:09:00',	'Sutrans'),
(6753,	39,	'thursday',	'08:08:00',	'08:10:00',	'Sutrans'),
(6754,	39,	'thursday',	'11:16:00',	'11:30:00',	'Sutrans'),
(6755,	39,	'thursday',	'07:06:00',	'07:37:00',	'Sutrans'),
(6756,	39,	'thursday',	'19:02:00',	'19:23:00',	'Sutrans'),
(6757,	39,	'thursday',	'10:12:00',	'10:20:00',	'Sutrans'),
(6758,	39,	'thursday',	'12:15:00',	'12:52:00',	'Sutrans'),
(6759,	39,	'saturday',	'14:02:00',	'14:06:00',	'Sutrans'),
(6760,	39,	'saturday',	'13:03:00',	'13:04:00',	'Sutrans'),
(6761,	39,	'saturday',	'06:08:00',	'06:19:00',	'Sutrans'),
(6762,	39,	'saturday',	'18:10:00',	'18:17:00',	'Sutrans'),
(6763,	39,	'saturday',	'18:16:00',	'18:29:00',	'Sutrans'),
(6764,	39,	'saturday',	'08:02:00',	'08:23:00',	'Sutrans'),
(6765,	39,	'saturday',	'12:03:00',	'12:30:00',	'Sutrans'),
(6766,	39,	'saturday',	'11:06:00',	'11:42:00',	'Sutrans'),
(6767,	39,	'saturday',	'15:18:00',	'15:43:00',	'Sutrans'),
(6768,	39,	'sunday',	'20:14:00',	'20:24:00',	'Sutrans'),
(6769,	39,	'sunday',	'08:14:00',	'08:23:00',	'Sutrans'),
(6770,	39,	'sunday',	'20:05:00',	'20:38:00',	'Sutrans'),
(6771,	39,	'sunday',	'12:06:00',	'12:40:00',	'Sutrans'),
(6772,	39,	'sunday',	'17:03:00',	'17:26:00',	'Sutrans'),
(6773,	39,	'sunday',	'14:02:00',	'14:17:00',	'Sutrans'),
(6774,	39,	'sunday',	'18:13:00',	'18:22:00',	'Sutrans'),
(6775,	39,	'sunday',	'13:02:00',	'13:29:00',	'Sutrans'),
(6776,	39,	'sunday',	'07:10:00',	'07:26:00',	'Sutrans'),
(6777,	39,	'sunday',	'09:18:00',	'09:20:00',	'Sutrans'),
(6778,	39,	'sunday',	'06:02:00',	'06:34:00',	'Sutrans'),
(6779,	39,	'sunday',	'05:02:00',	'05:08:00',	'Sutrans'),
(6780,	39,	'sunday',	'06:00:00',	'06:07:00',	'Sutrans'),
(6781,	39,	'sunday',	'14:06:00',	'14:45:00',	'Sutrans'),
(6782,	40,	'monday',	'18:06:00',	'18:45:00',	'Sutrans'),
(6783,	40,	'monday',	'16:12:00',	'16:47:00',	'Sutrans'),
(6784,	40,	'monday',	'16:04:00',	'16:42:00',	'Sutrans'),
(6785,	40,	'monday',	'06:10:00',	'06:18:00',	'Sutrans'),
(6786,	40,	'monday',	'13:01:00',	'13:36:00',	'Sutrans'),
(6787,	40,	'monday',	'06:12:00',	'06:15:00',	'Sutrans'),
(6788,	40,	'monday',	'07:01:00',	'07:22:00',	'Sutrans'),
(6789,	40,	'monday',	'12:11:00',	'12:12:00',	'Sutrans'),
(6790,	40,	'monday',	'16:18:00',	'16:50:00',	'Sutrans'),
(6791,	40,	'tuesday',	'14:05:00',	'14:19:00',	'Sutrans'),
(6792,	40,	'tuesday',	'06:12:00',	'06:22:00',	'Sutrans'),
(6793,	40,	'tuesday',	'18:12:00',	'18:34:00',	'Sutrans'),
(6794,	40,	'tuesday',	'10:09:00',	'10:36:00',	'Sutrans'),
(6795,	40,	'tuesday',	'07:03:00',	'07:20:00',	'Sutrans'),
(6796,	40,	'tuesday',	'10:02:00',	'10:27:00',	'Sutrans'),
(6797,	40,	'tuesday',	'07:06:00',	'07:24:00',	'Sutrans'),
(6798,	40,	'tuesday',	'14:16:00',	'14:39:00',	'Sutrans'),
(6799,	40,	'tuesday',	'13:06:00',	'13:26:00',	'Sutrans'),
(6800,	40,	'tuesday',	'06:06:00',	'06:30:00',	'Sutrans'),
(6801,	40,	'tuesday',	'05:07:00',	'05:11:00',	'Sutrans'),
(6802,	40,	'wednesday',	'12:19:00',	'12:55:00',	'Sutrans'),
(6803,	40,	'wednesday',	'19:08:00',	'19:44:00',	'Sutrans'),
(6804,	40,	'wednesday',	'14:12:00',	'14:18:00',	'Sutrans'),
(6805,	40,	'wednesday',	'06:17:00',	'06:23:00',	'Sutrans'),
(6806,	40,	'wednesday',	'08:15:00',	'08:23:00',	'Sutrans'),
(6807,	40,	'wednesday',	'18:03:00',	'18:30:00',	'Sutrans'),
(6808,	40,	'wednesday',	'15:16:00',	'15:32:00',	'Sutrans'),
(6809,	40,	'wednesday',	'19:05:00',	'19:20:00',	'Sutrans'),
(6810,	40,	'wednesday',	'15:07:00',	'15:16:00',	'Sutrans'),
(6811,	40,	'wednesday',	'07:12:00',	'07:26:00',	'Sutrans'),
(6812,	40,	'thursday',	'18:13:00',	'18:33:00',	'Sutrans'),
(6813,	40,	'thursday',	'14:18:00',	'14:35:00',	'Sutrans'),
(6814,	40,	'thursday',	'14:19:00',	'14:49:00',	'Sutrans'),
(6815,	40,	'thursday',	'06:12:00',	'06:41:00',	'Sutrans'),
(6816,	40,	'thursday',	'09:08:00',	'09:27:00',	'Sutrans'),
(6817,	40,	'thursday',	'19:08:00',	'19:44:00',	'Sutrans'),
(6818,	40,	'thursday',	'07:02:00',	'07:22:00',	'Sutrans'),
(6819,	40,	'thursday',	'19:04:00',	'19:24:00',	'Sutrans'),
(6820,	40,	'thursday',	'07:19:00',	'07:42:00',	'Sutrans'),
(6821,	40,	'thursday',	'06:04:00',	'06:07:00',	'Sutrans'),
(6822,	40,	'thursday',	'11:17:00',	'11:17:00',	'Sutrans'),
(6823,	40,	'thursday',	'10:05:00',	'10:17:00',	'Sutrans'),
(6824,	40,	'thursday',	'16:02:00',	'16:15:00',	'Sutrans'),
(6825,	40,	'saturday',	'14:07:00',	'14:41:00',	'Sutrans'),
(6826,	40,	'saturday',	'09:13:00',	'09:24:00',	'Sutrans'),
(6827,	40,	'saturday',	'07:05:00',	'07:38:00',	'Sutrans'),
(6828,	40,	'saturday',	'16:15:00',	'16:39:00',	'Sutrans'),
(6829,	40,	'saturday',	'12:12:00',	'12:40:00',	'Sutrans'),
(6830,	40,	'saturday',	'07:10:00',	'07:29:00',	'Sutrans'),
(6831,	40,	'saturday',	'17:09:00',	'17:11:00',	'Sutrans'),
(6832,	40,	'saturday',	'18:16:00',	'18:18:00',	'Sutrans'),
(6833,	40,	'saturday',	'17:16:00',	'17:24:00',	'Sutrans'),
(6834,	40,	'saturday',	'13:12:00',	'13:30:00',	'Sutrans'),
(6835,	40,	'sunday',	'08:19:00',	'08:28:00',	'Sutrans'),
(6836,	40,	'sunday',	'19:04:00',	'19:22:00',	'Sutrans'),
(6837,	40,	'sunday',	'17:17:00',	'17:43:00',	'Sutrans'),
(6838,	40,	'sunday',	'11:00:00',	'11:35:00',	'Sutrans'),
(6839,	40,	'sunday',	'19:17:00',	'19:32:00',	'Sutrans'),
(6840,	40,	'sunday',	'15:12:00',	'15:37:00',	'Sutrans'),
(6841,	40,	'sunday',	'16:09:00',	'16:47:00',	'Sutrans'),
(6842,	40,	'sunday',	'09:17:00',	'09:25:00',	'Sutrans'),
(6843,	40,	'sunday',	'09:15:00',	'09:47:00',	'Sutrans'),
(6844,	40,	'sunday',	'09:06:00',	'09:08:00',	'Sutrans'),
(6845,	40,	'sunday',	'19:03:00',	'19:24:00',	'Sutrans'),
(6846,	40,	'sunday',	'07:07:00',	'07:32:00',	'Sutrans'),
(6847,	40,	'sunday',	'14:00:00',	'14:17:00',	'Sutrans'),
(6848,	40,	'sunday',	'16:12:00',	'16:31:00',	'Sutrans'),
(6849,	41,	'monday',	'08:07:00',	'08:30:00',	'Sutrans'),
(6850,	41,	'monday',	'06:08:00',	'06:35:00',	'Sutrans'),
(6851,	41,	'monday',	'20:13:00',	'20:47:00',	'Sutrans'),
(6852,	41,	'monday',	'15:04:00',	'15:04:00',	'Sutrans'),
(6853,	41,	'monday',	'19:10:00',	'19:33:00',	'Sutrans'),
(6854,	41,	'monday',	'13:04:00',	'13:34:00',	'Sutrans'),
(6855,	41,	'monday',	'10:20:00',	'10:46:00',	'Sutrans'),
(6856,	41,	'monday',	'13:04:00',	'13:27:00',	'Sutrans'),
(6857,	41,	'tuesday',	'18:03:00',	'18:19:00',	'Sutrans'),
(6858,	41,	'tuesday',	'16:03:00',	'16:25:00',	'Sutrans'),
(6859,	41,	'tuesday',	'07:17:00',	'07:20:00',	'Sutrans'),
(6860,	41,	'tuesday',	'13:14:00',	'13:17:00',	'Sutrans'),
(6861,	41,	'tuesday',	'07:11:00',	'07:41:00',	'Sutrans'),
(6862,	41,	'tuesday',	'15:09:00',	'15:30:00',	'Sutrans'),
(6863,	41,	'tuesday',	'14:10:00',	'14:37:00',	'Sutrans'),
(6864,	41,	'tuesday',	'10:20:00',	'10:50:00',	'Sutrans'),
(6865,	41,	'tuesday',	'14:06:00',	'14:41:00',	'Sutrans'),
(6866,	41,	'tuesday',	'20:07:00',	'20:32:00',	'Sutrans'),
(6867,	41,	'tuesday',	'16:16:00',	'16:45:00',	'Sutrans'),
(6868,	41,	'tuesday',	'12:03:00',	'12:12:00',	'Sutrans'),
(6869,	41,	'tuesday',	'15:13:00',	'15:33:00',	'Sutrans'),
(6870,	41,	'tuesday',	'10:19:00',	'10:33:00',	'Sutrans'),
(6871,	41,	'tuesday',	'13:17:00',	'13:23:00',	'Sutrans'),
(6872,	41,	'wednesday',	'12:20:00',	'12:55:00',	'Sutrans'),
(6873,	41,	'wednesday',	'07:09:00',	'07:34:00',	'Sutrans'),
(6874,	41,	'wednesday',	'08:12:00',	'08:51:00',	'Sutrans'),
(6875,	41,	'wednesday',	'14:03:00',	'14:30:00',	'Sutrans'),
(6876,	41,	'wednesday',	'13:15:00',	'13:20:00',	'Sutrans'),
(6877,	41,	'wednesday',	'20:04:00',	'20:24:00',	'Sutrans'),
(6878,	41,	'wednesday',	'08:12:00',	'08:35:00',	'Sutrans'),
(6879,	41,	'wednesday',	'10:19:00',	'10:19:00',	'Sutrans'),
(6880,	41,	'wednesday',	'10:01:00',	'10:30:00',	'Sutrans'),
(6881,	41,	'wednesday',	'16:11:00',	'16:50:00',	'Sutrans'),
(6882,	41,	'wednesday',	'05:18:00',	'05:24:00',	'Sutrans'),
(6883,	41,	'wednesday',	'09:18:00',	'09:28:00',	'Sutrans'),
(6884,	41,	'wednesday',	'17:18:00',	'17:20:00',	'Sutrans'),
(6885,	41,	'thursday',	'13:20:00',	'13:58:00',	'Sutrans'),
(6886,	41,	'thursday',	'05:11:00',	'05:16:00',	'Sutrans'),
(6887,	41,	'thursday',	'10:20:00',	'10:35:00',	'Sutrans'),
(6888,	41,	'thursday',	'15:03:00',	'15:31:00',	'Sutrans'),
(6889,	41,	'thursday',	'07:01:00',	'07:36:00',	'Sutrans'),
(6890,	41,	'thursday',	'10:20:00',	'10:46:00',	'Sutrans'),
(6891,	41,	'thursday',	'08:06:00',	'08:31:00',	'Sutrans'),
(6892,	41,	'thursday',	'05:08:00',	'05:31:00',	'Sutrans'),
(6893,	41,	'thursday',	'11:17:00',	'11:20:00',	'Sutrans'),
(6894,	41,	'saturday',	'12:04:00',	'12:17:00',	'Sutrans'),
(6895,	41,	'saturday',	'19:20:00',	'19:31:00',	'Sutrans'),
(6896,	41,	'saturday',	'08:18:00',	'08:48:00',	'Sutrans'),
(6897,	41,	'saturday',	'13:01:00',	'13:18:00',	'Sutrans'),
(6898,	41,	'saturday',	'08:10:00',	'08:10:00',	'Sutrans'),
(6899,	41,	'saturday',	'06:06:00',	'06:41:00',	'Sutrans'),
(6900,	41,	'saturday',	'20:14:00',	'20:53:00',	'Sutrans'),
(6901,	41,	'saturday',	'12:20:00',	'12:23:00',	'Sutrans'),
(6902,	41,	'sunday',	'16:19:00',	'16:39:00',	'Sutrans'),
(6903,	41,	'sunday',	'07:13:00',	'07:32:00',	'Sutrans'),
(6904,	41,	'sunday',	'14:04:00',	'14:10:00',	'Sutrans'),
(6905,	41,	'sunday',	'15:16:00',	'15:33:00',	'Sutrans'),
(6906,	41,	'sunday',	'08:12:00',	'08:29:00',	'Sutrans'),
(6907,	41,	'sunday',	'10:03:00',	'10:40:00',	'Sutrans'),
(6908,	41,	'sunday',	'16:17:00',	'16:34:00',	'Sutrans'),
(6909,	41,	'sunday',	'05:04:00',	'05:32:00',	'Sutrans'),
(6910,	41,	'sunday',	'08:16:00',	'08:27:00',	'Sutrans'),
(6911,	42,	'monday',	'05:02:00',	'05:05:00',	'Sutrans'),
(6912,	42,	'monday',	'20:06:00',	'20:14:00',	'Sutrans'),
(6913,	42,	'monday',	'18:01:00',	'18:14:00',	'Sutrans'),
(6914,	42,	'monday',	'08:16:00',	'08:17:00',	'Sutrans'),
(6915,	42,	'monday',	'20:20:00',	'20:24:00',	'Sutrans'),
(6916,	42,	'monday',	'12:02:00',	'12:19:00',	'Sutrans'),
(6917,	42,	'monday',	'19:05:00',	'19:17:00',	'Sutrans'),
(6918,	42,	'monday',	'19:05:00',	'19:15:00',	'Sutrans'),
(6919,	42,	'tuesday',	'06:11:00',	'06:28:00',	'Sutrans'),
(6920,	42,	'tuesday',	'06:17:00',	'06:56:00',	'Sutrans'),
(6921,	42,	'tuesday',	'18:00:00',	'18:25:00',	'Sutrans'),
(6922,	42,	'tuesday',	'18:14:00',	'18:48:00',	'Sutrans'),
(6923,	42,	'tuesday',	'06:08:00',	'06:37:00',	'Sutrans'),
(6924,	42,	'tuesday',	'16:15:00',	'16:48:00',	'Sutrans'),
(6925,	42,	'tuesday',	'12:11:00',	'12:15:00',	'Sutrans'),
(6926,	42,	'tuesday',	'11:05:00',	'11:06:00',	'Sutrans'),
(6927,	42,	'wednesday',	'18:19:00',	'18:46:00',	'Sutrans'),
(6928,	42,	'wednesday',	'11:14:00',	'11:32:00',	'Sutrans'),
(6929,	42,	'wednesday',	'16:12:00',	'16:19:00',	'Sutrans'),
(6930,	42,	'wednesday',	'20:13:00',	'20:28:00',	'Sutrans'),
(6931,	42,	'wednesday',	'14:18:00',	'14:28:00',	'Sutrans'),
(6932,	42,	'wednesday',	'07:11:00',	'07:41:00',	'Sutrans'),
(6933,	42,	'wednesday',	'12:10:00',	'12:24:00',	'Sutrans'),
(6934,	42,	'wednesday',	'18:07:00',	'18:16:00',	'Sutrans'),
(6935,	42,	'wednesday',	'05:05:00',	'05:07:00',	'Sutrans'),
(6936,	42,	'wednesday',	'16:20:00',	'16:34:00',	'Sutrans'),
(6937,	42,	'wednesday',	'15:06:00',	'15:13:00',	'Sutrans'),
(6938,	42,	'wednesday',	'10:10:00',	'10:17:00',	'Sutrans'),
(6939,	42,	'wednesday',	'14:03:00',	'14:29:00',	'Sutrans'),
(6940,	42,	'wednesday',	'05:03:00',	'05:14:00',	'Sutrans'),
(6941,	42,	'thursday',	'17:01:00',	'17:31:00',	'Sutrans'),
(6942,	42,	'thursday',	'07:16:00',	'07:45:00',	'Sutrans'),
(6943,	42,	'thursday',	'16:10:00',	'16:26:00',	'Sutrans'),
(6944,	42,	'thursday',	'11:08:00',	'11:27:00',	'Sutrans'),
(6945,	42,	'thursday',	'07:03:00',	'07:30:00',	'Sutrans'),
(6946,	42,	'thursday',	'11:09:00',	'11:13:00',	'Sutrans'),
(6947,	42,	'thursday',	'10:05:00',	'10:36:00',	'Sutrans'),
(6948,	42,	'thursday',	'06:10:00',	'06:37:00',	'Sutrans'),
(6949,	42,	'thursday',	'18:20:00',	'18:47:00',	'Sutrans'),
(6950,	42,	'thursday',	'09:18:00',	'09:36:00',	'Sutrans'),
(6951,	42,	'thursday',	'14:17:00',	'14:30:00',	'Sutrans'),
(6952,	42,	'thursday',	'08:08:00',	'08:46:00',	'Sutrans'),
(6953,	42,	'thursday',	'18:18:00',	'18:41:00',	'Sutrans'),
(6954,	42,	'thursday',	'19:08:00',	'19:36:00',	'Sutrans'),
(6955,	42,	'thursday',	'15:02:00',	'15:24:00',	'Sutrans'),
(6956,	42,	'saturday',	'09:01:00',	'09:14:00',	'Sutrans'),
(6957,	42,	'saturday',	'10:01:00',	'10:03:00',	'Sutrans'),
(6958,	42,	'saturday',	'13:14:00',	'13:36:00',	'Sutrans'),
(6959,	42,	'saturday',	'13:11:00',	'13:13:00',	'Sutrans'),
(6960,	42,	'saturday',	'13:07:00',	'13:07:00',	'Sutrans'),
(6961,	42,	'saturday',	'08:11:00',	'08:32:00',	'Sutrans'),
(6962,	42,	'saturday',	'17:11:00',	'17:22:00',	'Sutrans'),
(6963,	42,	'saturday',	'20:11:00',	'20:16:00',	'Sutrans'),
(6964,	42,	'saturday',	'18:06:00',	'18:34:00',	'Sutrans'),
(6965,	42,	'sunday',	'19:12:00',	'19:47:00',	'Sutrans'),
(6966,	42,	'sunday',	'10:03:00',	'10:35:00',	'Sutrans'),
(6967,	42,	'sunday',	'12:09:00',	'12:18:00',	'Sutrans'),
(6968,	42,	'sunday',	'20:20:00',	'20:49:00',	'Sutrans'),
(6969,	42,	'sunday',	'09:09:00',	'09:34:00',	'Sutrans'),
(6970,	42,	'sunday',	'15:10:00',	'15:23:00',	'Sutrans'),
(6971,	42,	'sunday',	'05:11:00',	'05:25:00',	'Sutrans'),
(6972,	42,	'sunday',	'16:20:00',	'16:56:00',	'Sutrans'),
(6973,	42,	'sunday',	'19:13:00',	'19:20:00',	'Sutrans'),
(6974,	42,	'sunday',	'20:04:00',	'20:23:00',	'Sutrans'),
(6975,	42,	'sunday',	'10:20:00',	'10:32:00',	'Sutrans'),
(6976,	42,	'sunday',	'05:06:00',	'05:19:00',	'Sutrans'),
(6977,	42,	'sunday',	'18:14:00',	'18:28:00',	'Sutrans');

DROP TABLE IF EXISTS `users`;
CREATE TABLE `users` (
  `user_id` int(10) unsigned NOT NULL AUTO_INCREMENT,
  `name` varchar(255) NOT NULL,
  `email` varchar(255) CHARACTER SET utf8 COLLATE utf8_unicode_ci NOT NULL,
  `password` varchar(256) CHARACTER SET utf8 COLLATE utf8_unicode_ci NOT NULL,
  `status` tinyint(1) unsigned NOT NULL DEFAULT '0',
  PRIMARY KEY (`user_id`)
) ENGINE=InnoDB DEFAULT CHARSET=latin1;

INSERT INTO `users` (`user_id`, `name`, `email`, `password`, `status`) VALUES
(11,	'test',	'test1@test.com',	'219d57effa02b4a7326ccec9ed15fef546b0a6d4',	1),
(13,	'test2',	'test2@test.com',	'219d57effa02b4a7326ccec9ed15fef546b0a6d4',	0);

-- 2019-09-04 19:43:09
